Fernando Abad,30,TOT,AL,4,1,1,0,0,0,0,0,0,0
Fernando Abad,30,MIN,AL,2,1,1,0,0,0,0,0,0,0
Fernando Abad,30,BOS,AL,2,0,0,0,0,0,0,0,0,0
Jose Abre,29,CHW,AL,159,695,624,67,183,32,1,25,100,0
A.J. Achte,27,LAA,AL,3,0,0,0,0,0,0,0,0,0
Dustin Ackley,28,NYY,AL,28,70,61,6,9,0,0,0,4,0
Cristhian Adames,24,COL,NL,121,256,225,25,49,7,3,2,17,2
Matt Adams,27,STL,NL,118,327,297,37,74,18,0,16,54,0
Tim Adlema,28,CIN,NL,12,23,21,2,4,2,0,0,3,0
Ehire Adrianza,26,SFG,NL,40,71,63,3,16,2,0,2,7,0
Jesus Aguila,26,CLE,AL,9,6,6,0,0,0,0,0,0,0
Nick Ahme,26,ARI,NL,90,308,284,26,62,9,1,4,20,5
Matt Albers,33,CHW,AL,4,1,1,1,1,1,0,0,0,0
Hanser Albert,23,TEX,AL,35,58,56,2,8,1,0,0,5,1
Arismendy Alcantara,24,OAK,AL,16,19,19,2,4,1,0,0,2,3
Jorge Alfar,23,PHI,NL,6,17,16,0,2,0,0,0,0,0
Cody Alle,27,CLE,AL,6,0,0,0,0,0,0,0,0,0
Abraham Almonte,27,CLE,AL,67,194,182,24,48,20,1,1,22,8
Albert Almor,22,CHC,NL,47,117,112,14,31,9,1,3,14,0
Yonder Alonso,29,OAK,AL,156,532,482,52,122,34,0,7,56,3
Aaron Alther,25,PHI,NL,57,227,198,23,39,6,0,4,22,7
Jose Altuv,26,HOU,AL,161,717,640,108,216,42,5,24,96,30
Dariel Alvare,27,BAL,AL,2,4,3,0,1,1,0,0,0,0
Dario Alvarez,27,TOT,MLB,17,0,0,0,0,0,0,0,0,0
Dario Alvarez,27,ATL,NL,16,0,0,0,0,0,0,0,0,0
Dario Alvarez,27,TEX,AL,1,0,0,0,0,0,0,0,0,0
Jose Alvarez,27,LAA,AL,3,1,1,0,0,0,0,0,0,0
Pedro Alvarez,29,BAL,AL,109,376,337,43,84,20,0,22,49,1
Alexi Amarista,27,SDP,NL,65,150,140,9,36,2,0,0,11,9
Brett Anderson,28,LAD,NL,4,3,3,0,0,0,0,0,0,0
Chase Anderso,28,MIL,NL,28,52,45,3,4,0,0,0,1,0
Tim Anderso,23,CHW,AL,99,431,410,57,116,22,6,9,30,10
Tyler Anderson,26,COL,NL,20,42,35,1,4,0,0,1,3,0
Robert Andin,32,MIA,NL,13,24,24,2,7,0,0,0,1,0
Matt Andries,26,TBR,AL,1,1,1,0,0,0,0,0,0,0
Elvis Andru,27,TEX,AL,147,568,506,75,153,31,7,8,69,24
Norichika Aoki,34,SEA,AL,118,467,417,63,118,24,4,4,28,7
Jayson Aquino,23,BAL,AL,1,0,0,0,0,0,0,0,0,0
Elvis Araujo,24,PHI,NL,31,0,0,0,0,0,0,0,0,0
Chris Arche,27,TBR,AL,3,8,7,1,0,0,0,0,0,0
Orlando Arci,21,MIL,NL,55,216,201,21,44,10,3,4,17,8
Oswaldo Arcia,25,TOT,MLB,69,222,202,17,41,7,1,8,23,1
Oswaldo Arcia,25,TOT,AL,53,175,157,15,36,6,1,6,19,1
Oswaldo Arcia,25,TOT,NL,16,47,45,2,5,1,0,2,4,0
Oswaldo Arcia,25,MIN,AL,32,114,103,8,22,4,0,4,12,0
Oswaldo Arcia,25,TBR,AL,21,61,54,7,14,2,1,2,7,1
Oswaldo Arcia,25,MIA,NL,2,2,2,0,0,0,0,0,0,0
Oswaldo Arcia,25,SDP,NL,14,45,43,2,5,1,0,2,4,0
Nolan Arenad,25,COL,NL,160,696,618,116,182,35,6,41,133,2
Jake Arriet,30,CHC,NL,27,70,65,7,17,2,1,2,7,0
Cody Asche,26,PHI,NL,71,218,197,22,42,15,0,4,18,3
Alec Ashe,24,PHI,NL,5,11,11,0,1,0,0,0,2,0
Carlos Asuaje,24,SDP,NL,7,25,24,2,5,2,0,0,2,0
Tyler Austi,24,NYY,AL,31,90,83,7,20,3,0,5,12,1
Alex Avila,29,CHW,AL,57,209,169,19,36,6,0,7,11,0
Luis Avilan,26,LAD,NL,26,0,0,0,0,0,0,0,0,0
Mike Avile,35,DET,AL,68,181,167,17,35,5,1,1,6,2
John Axfor,33,OAK,AL,6,0,0,0,0,0,0,0,0,0
Erick Aybar,32,TOT,MLB,126,459,415,34,101,19,2,3,34,3
Erick Aybar,32,ATL,NL,97,368,335,27,81,14,2,2,26,3
Erick Aybar,32,DET,AL,29,91,80,7,20,5,0,1,8,0
Javier Bae,23,CHC,NL,142,450,421,50,115,19,1,14,59,12
Pedro Bae,28,LAD,NL,67,1,1,0,0,0,0,0,0,0
Andrew Baile,32,TOT,MLB,30,0,0,0,0,0,0,0,0,0
Andrew Baile,32,PHI,NL,30,0,0,0,0,0,0,0,0,0
Homer Baile,30,CIN,NL,6,11,10,0,1,0,0,0,0,0
Jett Band,26,LAA,AL,70,231,209,23,49,9,0,8,25,1
Austin Barne,26,LAD,NL,21,37,32,3,5,1,0,0,2,0
Brandon Barne,30,COL,NL,48,109,100,10,22,6,2,0,8,1
Jacob Barne,26,MIL,NL,24,0,0,0,0,0,0,0,0,0
Matt Barne,26,BOS,AL,2,0,0,0,0,0,0,0,0,0
Tony Barnett,32,TEX,AL,2,0,0,0,0,0,0,0,0,0
Darwin Barne,30,TOR,AL,104,306,279,35,75,13,2,4,19,2
Tucker Barnhart,25,CIN,NL,115,420,377,34,97,23,1,7,51,1
Kyle Barracloug,26,MIA,NL,72,1,1,0,0,0,0,0,0,0
Jake Barret,24,ARI,NL,65,0,0,0,0,0,0,0,0,0
Antonio Bastard,30,TOT,NL,68,0,0,0,0,0,0,0,0,0
Antonio Bastard,30,NYM,NL,40,0,0,0,0,0,0,0,0,0
Antonio Bastard,30,PIT,NL,28,0,0,0,0,0,0,0,0,0
Trevor Baue,25,CLE,AL,3,6,5,0,0,0,0,0,0,0
Buddy Baumann,28,SDP,NL,11,0,0,0,0,0,0,0,0,0
Jose Bautist,35,TOR,AL,116,517,423,68,99,24,1,22,69,2
Chris Bec,25,CHW,AL,2,0,0,0,0,0,0,0,0,0
Gordon Beckha,29,TOT,NL,88,279,245,25,52,16,1,5,31,1
Gordon Beckha,29,ATL,NL,85,273,240,25,52,16,1,5,30,1
Gordon Beckha,29,SFG,NL,3,6,5,0,0,0,0,0,1,0
Tim Beckha,26,TBR,AL,64,215,198,25,49,12,5,5,16,2
Cam Bedrosia,24,LAA,AL,5,0,0,0,0,0,0,0,0,0
Matt Belisl,36,WSN,NL,38,4,4,0,0,0,0,0,0,0
Josh Bell,23,PIT,NL,45,152,128,18,35,8,0,3,19,0
Brandon Belt,28,SFG,NL,156,655,542,77,149,41,8,17,82,0
Carlos Beltran,39,TOT,AL,151,593,552,73,163,33,0,29,93,1
Carlos Beltran,39,NYY,AL,99,387,359,50,109,21,0,22,64,0
Carlos Beltran,39,TEX,AL,52,206,193,23,54,12,0,7,29,1
Adrian Beltr,37,TEX,AL,153,640,583,89,175,31,1,32,104,1
Andrew Benintendi,21,BOS,AL,34,118,105,16,31,11,1,2,14,1
Joaquin Benoi,38,TOT,AL,3,0,0,0,0,0,0,0,0,0
Joaquin Benoi,38,SEA,AL,2,0,0,0,0,0,0,0,0,0
Joaquin Benoi,38,TOR,AL,1,0,0,0,0,0,0,0,0,0
James Beresford,27,MIN,AL,10,24,22,0,5,1,0,0,0,0
Christian Bergma,28,COL,NL,15,3,3,1,1,0,0,0,0,0
Jose Berrio,22,MIN,AL,1,1,1,0,1,0,0,0,0,0
Dellin Betance,28,NYY,AL,7,0,0,0,0,0,0,0,0,0
Christian Bethancour,24,SDP,NL,73,204,193,20,44,9,0,6,25,1
Chad Betti,27,COL,NL,28,58,49,2,2,0,0,0,2,0
Mookie Bett,23,BOS,AL,158,730,672,122,214,42,5,31,113,26
Joe Biagin,26,TOR,AL,5,0,0,0,0,0,0,0,0,0
Ty Blac,25,SFG,NL,4,4,4,1,2,0,0,0,0,0
Charlie Blackmon,29,COL,NL,143,641,578,111,187,35,5,29,82,17
Aaron Blai,24,ATL,NL,15,23,21,0,1,0,0,0,0,0
Andres Blanco,32,PHI,NL,90,209,190,26,48,15,1,4,21,2
Gregor Blanco,32,SFG,NL,106,274,241,28,54,10,4,1,18,6
Joe Blanto,35,LAD,NL,71,0,0,0,0,0,0,0,0,0
Jabari Blas,26,SDP,NL,38,84,71,7,12,2,0,3,5,1
Michael Blaze,27,MIL,NL,40,0,0,1,0,0,0,0,0,0
Richard Bleier,29,NYY,AL,4,0,0,0,0,0,0,0,0,0
Jerry Blevins,32,NYM,NL,69,1,1,0,0,0,0,0,0,0
Xander Bogaert,23,BOS,AL,157,719,652,115,192,34,1,21,89,13
Mike Bolsinge,28,LAD,NL,5,9,9,0,0,0,0,0,0,0
Emilio Bonifacio,31,ATL,NL,24,43,38,6,8,0,0,0,3,1
Julio Borbon,30,BAL,AL,6,15,13,1,4,0,0,0,0,0
Wilfredo Bosca,26,PIT,NL,5,3,3,0,1,0,0,0,1,0
Buddy Boshers,28,MIN,AL,2,0,0,0,0,0,0,0,0,0
Justin Bour,28,MIA,NL,90,321,280,35,74,12,1,15,51,0
Peter Bourjo,29,PHI,NL,123,383,355,40,89,20,7,5,23,6
Michael Bourn,33,TOT,MLB,113,413,375,48,99,13,6,5,38,15
Michael Bourn,33,ARI,NL,89,358,329,43,86,12,6,3,30,13
Michael Bourn,33,BAL,AL,24,55,46,5,13,1,0,2,8,2
Matthew Bowma,25,STL,NL,57,2,1,0,0,0,0,0,0,0
Blaine Boye,34,MIL,NL,57,1,1,0,0,0,0,0,0,0
Brad Brac,30,BAL,AL,5,0,0,0,0,0,0,0,0,0
Silvino Brach,23,ARI,NL,25,1,1,0,0,0,0,0,0,0
Archie Bradle,23,ARI,NL,25,48,43,2,3,0,0,0,4,0
Jackie Bradley,26,BOS,AL,156,636,558,94,149,30,7,26,87,9
Jed Bradley,26,ATL,NL,6,0,0,0,0,0,0,0,0,0
Michael Brantley,29,CLE,AL,11,43,39,5,9,2,0,0,7,1
Steven Brault,24,PIT,NL,8,9,8,1,2,0,0,0,0,0
Ryan Brau,32,MIL,NL,135,564,511,80,156,23,3,30,91,16
Alex Bregma,22,HOU,AL,49,217,201,31,53,13,3,8,34,2
Bryce Brent,27,BOS,AL,25,64,61,8,17,3,0,1,7,0
Craig Breslow,35,MIA,NL,15,0,0,0,0,0,0,0,0,0
Austin Bric,24,MIA,NL,14,0,0,0,0,0,0,0,0,0
Parker Bridwel,24,BAL,AL,1,0,0,0,0,0,0,0,0,0
Reid Brignac,30,ATL,NL,13,29,29,3,6,2,0,0,1,0
Socrates Brito,23,ARI,NL,40,97,95,10,17,3,1,4,12,2
Zach Britton,28,BAL,AL,5,0,0,0,0,0,0,0,0,0
Mike Broadwa,29,SFG,NL,4,1,0,0,0,0,0,0,0,0
Trevor Brow,24,SFG,NL,75,184,173,17,41,7,0,5,19,0
Jonathan Broxto,32,STL,NL,62,0,0,0,0,0,0,0,0,0
Keon Broxto,26,MIL,NL,75,244,207,28,50,10,1,9,19,23
Jay Bruce,29,TOT,NL,147,589,539,74,135,27,6,33,99,4
Jay Bruce,29,CIN,NL,97,402,370,60,98,22,6,25,80,4
Jay Bruce,29,NYM,NL,50,187,169,14,37,5,0,8,19,0
Kris Bryan,24,CHC,NL,155,699,603,121,176,35,3,39,102,8
Jake Buchana,26,CHC,NL,2,1,1,0,0,0,0,0,0,0
Clay Buchholz,31,BOS,AL,4,3,2,0,0,0,0,0,0,0
Ryan Buchter,29,SDP,NL,64,0,0,0,0,0,0,0,0,0
Madison Bumgarne,26,SFG,NL,35,97,86,8,16,6,0,3,9,0
Dylan Bundy,23,BAL,AL,2,3,3,0,0,0,0,0,0,0
Enrique Burgo,25,ARI,NL,41,0,0,0,0,0,0,0,0,0
Sean Burnett,33,WSN,NL,10,0,0,0,0,0,0,0,0,0
Andy Burn,25,TOR,AL,10,7,6,2,0,0,0,0,0,0
Billy Burns,26,TOT,AL,97,332,311,39,73,11,4,0,13,17
Billy Burns,26,OAK,AL,73,292,274,32,64,11,4,0,12,14
Billy Burns,26,KCR,AL,24,40,37,7,9,0,0,0,1,3
Emmanuel Burriss,31,PHI,NL,39,50,45,3,5,1,1,0,0,1
Matt Buschman,32,ARI,NL,3,1,1,0,0,0,0,0,0,0
Matt Bus,30,TEX,AL,5,0,0,0,0,0,0,0,0,0
Nick Buss,29,LAA,AL,36,90,81,7,16,7,1,1,8,2
Drew Buter,32,KCR,AL,55,133,123,18,35,10,1,4,16,0
Billy Butle,30,TOT,AL,97,274,250,27,71,18,0,5,35,0
Billy Butle,30,OAK,AL,85,242,221,24,61,16,0,4,31,0
Billy Butle,30,NYY,AL,12,32,29,3,10,2,0,1,4,0
Eddie Butle,25,COL,NL,16,19,15,0,1,0,0,0,0,0
Byron Buxto,22,MIN,AL,92,331,298,44,67,19,6,10,38,10
Marlon Byr,38,CLE,AL,34,129,115,11,31,6,0,5,19,0
Asdrubal Cabrera,30,NYM,NL,141,568,521,65,146,30,1,23,62,5
Mauricio Cabrer,22,ATL,NL,38,0,0,0,0,0,0,0,0,0
Melky Cabrera,31,CHW,AL,151,646,591,70,175,42,5,14,86,2
Miguel Cabrer,33,DET,AL,158,679,595,92,188,31,1,38,108,0
Ramon Cabrera,26,CIN,NL,61,185,171,11,42,10,0,3,23,1
Trevor Cahil,28,CHC,NL,49,11,8,1,1,0,0,0,1,0
Lorenzo Cai,30,KCR,AL,103,434,397,56,114,19,1,9,56,14
Matt Cai,31,SFG,NL,20,28,27,1,2,1,0,1,5,0
Kole Calhoun,28,LAA,AL,157,672,594,91,161,35,5,18,75,2
Arquimedes Caminer,29,TOT,MLB,37,2,2,0,0,0,0,0,0,0
Arquimedes Caminer,29,PIT,NL,37,2,2,0,0,0,0,0,0,0
Eric Campbel,29,NYM,NL,40,88,75,9,13,1,0,1,9,1
Leonel Campo,28,SDP,NL,16,0,0,0,0,0,0,0,0,0
Vicente Campo,23,ARI,NL,1,2,2,0,0,0,0,0,0,0
Jeimer Candelario,22,CHC,NL,5,14,11,0,1,0,0,0,0,0
Mark Canh,27,OAK,AL,16,44,41,4,5,0,0,3,6,0
Robinson Cano,33,SEA,AL,161,715,655,107,195,33,2,39,103,0
Chris Capuano,37,MIL,NL,16,1,0,0,0,0,0,0,0,0
Matt Carasit,24,COL,NL,19,0,0,0,0,0,0,0,0,0
Stephen Cardull,28,COL,NL,27,59,56,5,12,3,1,2,6,0
Matt Carpenter,30,STL,NL,129,566,473,81,128,36,6,21,68,0
Ezequiel Carrera,29,TOR,AL,110,310,270,47,67,9,1,6,23,7
Chris Carte,29,MIL,NL,160,644,549,84,122,27,1,41,94,3
Curt Casal,27,TBR,AL,84,256,226,23,42,10,0,8,25,0
Andrew Cashne,29,TOT,NL,25,40,34,3,6,0,0,0,1,0
Andrew Cashne,29,SDP,NL,14,22,18,2,3,0,0,0,1,0
Andrew Cashne,29,MIA,NL,11,18,16,1,3,0,0,0,0,0
Santiago Casill,35,SFG,NL,61,0,0,0,0,0,0,0,0,0
Nicholas Castellano,24,DET,AL,110,447,411,54,117,25,4,18,58,1
Rusney Castill,28,BOS,AL,9,8,8,4,2,1,0,0,0,0
Welington Castill,29,ARI,NL,113,457,416,41,110,24,0,14,68,2
Daniel Castr,23,ATL,NL,47,139,130,8,26,1,0,0,7,1
Jason Castro,29,HOU,AL,113,376,329,41,69,16,3,11,32,2
Miguel Castr,21,COL,NL,18,0,0,0,0,0,0,0,0,0
Starlin Castr,26,NYY,AL,151,610,577,63,156,29,1,21,70,4
Gavin Cecchin,22,NYM,NL,4,7,6,2,2,2,0,0,2,0
Brett Ceci,29,TOR,AL,4,0,0,0,0,0,0,0,0,0
Darrell Ceciliani,26,TOR,AL,13,29,27,2,3,2,0,0,1,0
Xavier Cedeno,29,TBR,AL,5,0,0,0,0,0,0,0,0,0
Juan Centeno,26,MIN,AL,55,192,176,16,46,12,1,3,25,0
Francisco Cervell,30,PIT,NL,101,393,326,42,86,14,1,1,33,6
Hunter Cervenka,26,TOT,NL,63,0,0,0,0,0,0,0,0,0
Hunter Cervenka,26,ATL,NL,45,0,0,0,0,0,0,0,0,0
Hunter Cervenka,26,MIA,NL,18,0,0,0,0,0,0,0,0,0
Yoenis Cespede,30,NYM,NL,132,543,479,72,134,25,1,31,86,3
Jhoulys Chaci,28,TOT,MLB,5,10,10,1,3,0,0,0,1,0
Jhoulys Chaci,28,ATL,NL,4,8,8,0,2,0,0,0,1,0
Jhoulys Chaci,28,LAA,AL,1,2,2,1,1,0,0,0,0,0
Andrew Chafi,26,ARI,NL,32,0,0,0,0,0,0,0,0,0
Joba Chamberlai,30,CLE,AL,3,0,0,0,0,0,0,0,0,0
Aroldis Chapman,28,TOT,MLB,30,0,0,0,0,0,0,0,0,0
Aroldis Chapman,28,NYY,AL,4,0,0,0,0,0,0,0,0,0
Aroldis Chapman,28,CHC,NL,26,0,0,0,0,0,0,0,0,0
JT Chargois,25,MIN,AL,1,0,0,0,0,0,0,0,0,0
Tyler Chatwoo,26,COL,NL,27,58,53,3,10,0,1,0,4,0
Jesse Chave,32,TOT,MLB,27,0,0,0,0,0,0,0,0,0
Jesse Chave,32,TOR,AL,5,0,0,0,0,0,0,0,0,0
Jesse Chave,32,LAD,NL,22,0,0,0,0,0,0,0,0,0
Wei-Yin Che,30,MIA,NL,21,49,44,0,0,0,0,0,0,0
Robinson Chirino,32,TEX,AL,57,170,147,21,33,11,0,9,20,0
Lonnie Chisenhall,27,CLE,AL,126,418,385,43,110,25,5,8,57,6
Ji-Man Choi,25,LAA,AL,54,129,112,9,19,4,0,5,12,2
Shin-Soo Choo,33,TEX,AL,48,210,178,27,43,7,0,7,17,6
Tony Cingrani,26,CIN,NL,62,1,0,1,0,0,0,0,0,0
Steve Cishe,30,SEA,AL,6,0,0,0,0,0,0,0,0,0
Alex Claudio,24,TEX,AL,3,0,0,0,0,0,0,0,0,0
Paul Clemen,28,TOT,NL,17,23,21,1,0,0,0,0,0,0
Paul Clemen,28,MIA,NL,2,2,2,0,0,0,0,0,0,0
Paul Clemen,28,SDP,NL,15,21,19,1,0,0,0,0,0,0
Steve Clevenger,30,SEA,AL,22,76,68,7,15,3,0,1,7,0
Mike Clevinge,25,CLE,AL,1,2,2,0,0,0,0,0,0,0
Tyler Clippar,31,TOT,MLB,39,0,0,0,0,0,0,0,0,0
Tyler Clippar,31,ARI,NL,38,0,0,0,0,0,0,0,0,0
Tyler Clippar,31,NYY,AL,1,0,0,0,0,0,0,0,0,0
Jason Coat,26,CHW,AL,28,58,50,8,10,4,0,1,4,1
Chris Coghlan,31,TOT,MLB,99,300,261,35,49,12,2,6,30,2
Chris Coghlan,31,OAK,AL,51,172,158,14,23,5,0,5,14,1
Chris Coghlan,31,CHC,NL,48,128,103,21,26,7,2,1,16,1
Phil Coke,33,TOT,MLB,4,0,0,0,0,0,0,0,0,0
Phil Coke,33,NYY,AL,1,0,0,0,0,0,0,0,0,0
Phil Coke,33,PIT,NL,3,0,0,0,0,0,0,0,0,0
Chris Colabell,32,TOR,AL,10,32,29,0,2,0,0,0,1,0
A.J. Col,24,WSN,NL,7,8,7,0,0,0,0,0,0,0
Gerrit Col,25,PIT,NL,21,43,40,3,8,1,0,1,3,0
Louis Colema,30,LAD,NL,57,0,0,0,0,0,0,0,0,0
Tyler Collins,26,DET,AL,56,151,136,14,32,2,3,4,15,1
Josh Collmente,30,TOT,NL,18,7,6,0,0,0,0,0,0,0
Josh Collmente,30,ARI,NL,15,0,0,0,0,0,0,0,0,0
Josh Collmente,30,ATL,NL,3,7,6,0,0,0,0,0,0,0
Alex Colom,27,TBR,AL,5,0,0,0,0,0,0,0,0,0
Bartolo Colo,43,NYM,NL,31,65,60,4,5,2,0,1,2,0
Christian Colo,27,KCR,AL,54,161,147,13,34,6,0,1,13,0
Joe Colo,26,CLE,AL,1,0,0,0,0,0,0,0,0,0
Gerardo Concepcion,24,CHC,NL,3,0,0,0,0,0,0,0,0,0
Michael Conforto,23,NYM,NL,109,348,304,38,67,21,1,12,42,2
Hank Conger,28,TBR,AL,49,137,124,6,24,5,0,3,10,0
Adam Conley,26,MIA,NL,23,47,41,4,5,0,0,0,3,0
Willson Contrera,24,CHC,NL,76,283,252,33,71,14,1,12,35,2
Patrick Corbin,26,ARI,NL,35,53,49,7,15,3,1,0,4,0
Carlos Corre,21,HOU,AL,153,660,577,76,158,36,3,20,96,13
Jarred Cosar,26,TOT,NL,13,18,16,1,2,0,0,0,0,0
Jarred Cosar,26,MIA,NL,4,7,6,0,1,0,0,0,0,0
Jarred Cosar,26,SDP,NL,9,11,10,1,1,0,0,0,0,0
Caleb Cotha,28,CIN,NL,22,0,0,0,0,0,0,0,0,0
Danny Coulombe,26,OAK,AL,2,0,0,0,0,0,0,0,0,0
Kaleb Cowart,24,LAA,AL,31,87,85,8,15,4,0,1,8,0
Collin Cowgil,30,CLE,AL,9,14,12,0,1,0,0,0,0,0
Zack Cozar,30,CIN,NL,121,508,464,67,117,28,2,16,50,4
Tyler Crav,26,MIL,NL,17,5,4,1,1,0,0,1,1,0
Brandon Crawford,29,SFG,NL,155,623,553,67,152,28,11,12,84,7
Carl Crawford,34,LAD,NL,30,87,81,8,15,2,1,0,6,0
Coco Crisp,36,TOT,AL,122,498,446,54,103,27,4,13,55,10
Coco Crisp,36,OAK,AL,102,434,393,45,92,24,4,11,47,7
Coco Crisp,36,CLE,AL,20,64,53,9,11,3,0,2,8,3
Kyle Crockett,24,CLE,AL,3,0,0,0,0,0,0,0,0,0
C.J. Cro,26,LAA,AL,116,445,407,51,113,25,2,16,69,2
Nelson Cru,35,SEA,AL,155,667,589,96,169,27,1,43,105,2
Tony Cru,29,KCR,AL,4,5,4,0,0,0,0,0,1,0
Johnny Cuet,30,SFG,NL,31,84,70,1,8,0,0,0,5,0
Charlie Culberso,27,LAD,NL,34,68,67,6,20,3,0,1,7,1
Brandon Cunnif,27,ATL,NL,15,0,0,0,0,0,0,0,0,0
Todd Cunningham,27,LAA,AL,20,29,27,5,4,3,0,0,1,0
Zac Curtis,23,ARI,NL,20,0,0,0,0,0,0,0,0,0
Cheslor Cuthber,23,KCR,AL,128,510,475,49,130,28,1,12,46,2
Chase d'Arnau,29,ATL,NL,84,262,233,24,57,14,2,1,21,9
Travis d'Arnau,27,NYM,NL,75,276,251,27,62,7,0,4,15,0
David Dahl,22,COL,NL,63,237,222,42,70,12,4,7,24,5
Yu Darvis,29,TEX,AL,2,3,3,1,1,0,0,1,1,0
Matt Davidso,25,CHW,AL,1,2,2,1,1,0,0,0,1,0
Zach Davie,23,MIL,NL,28,61,53,2,5,0,0,0,1,0
Chris Davis,30,BAL,AL,157,665,566,99,125,21,0,38,84,1
Ike Davis,29,NYY,AL,8,15,14,2,3,0,0,0,1,0
Khris Davi,28,OAK,AL,150,610,555,85,137,24,2,42,102,1
Rajai Davi,35,CLE,AL,134,495,454,74,113,23,2,12,48,43
Wade Davi,30,KCR,AL,2,0,0,0,0,0,0,0,0,0
Grant Dayton,28,LAD,NL,23,1,1,0,0,0,0,0,0,0
Alejandro De Aza,32,NYM,NL,130,267,234,31,48,9,0,6,25,4
Ivan De Jesu,29,CIN,NL,104,243,221,21,56,10,0,1,20,3
Joel De La Cru,27,ATL,NL,21,18,16,0,3,0,0,0,1,0
Jorge De La Rosa,35,COL,NL,24,42,38,4,7,0,0,0,6,0
Rubby De La Ros,27,ARI,NL,13,17,14,0,1,0,0,0,1,0
Jose De Leo,23,LAD,NL,3,4,4,0,0,0,0,0,0,0
Abel De Los Santo,23,CIN,NL,5,0,0,0,0,0,0,0,0,0
Pat Dean,27,MIN,AL,1,0,0,0,0,0,0,0,0,0
Jaff Decker,26,TBR,AL,19,57,52,1,8,1,0,0,1,1
Jacob deGrom,28,NYM,NL,26,50,42,6,6,1,0,0,2,0
Steve Delaba,32,CIN,NL,6,0,0,0,0,0,0,0,0,0
Randall Delgad,26,ARI,NL,75,2,2,0,0,0,0,0,0,0
Matt den Dekker,28,WSN,NL,19,39,34,3,6,1,0,1,4,1
Daniel Descalso,29,COL,NL,99,289,250,38,66,12,2,8,38,3
Anthony DeSclafan,26,CIN,NL,19,43,41,0,5,1,0,0,1,0
Delino DeShield,23,TEX,AL,74,203,182,36,38,7,0,4,13,8
Ian Desmon,30,TEX,AL,156,677,625,107,178,29,3,22,86,21
Odrisamer Despaign,29,TOT,MLB,6,0,0,0,0,0,0,0,0,0
Odrisamer Despaign,29,BAL,AL,3,0,0,0,0,0,0,0,0,0
Odrisamer Despaign,29,MIA,NL,3,0,0,0,0,0,0,0,0,0
Ross Detwile,30,TOT,AL,1,2,1,0,0,0,0,0,0,0
Ross Detwile,30,OAK,AL,1,2,1,0,0,0,0,0,0,0
Chris Devensk,25,HOU,AL,6,0,0,0,0,0,0,0,0,0
Aledmys Dia,25,STL,NL,111,460,404,71,121,28,3,17,65,4
Dayan Dia,27,CIN,NL,6,0,0,0,0,0,0,0,0,0
Edwin Dia,22,SEA,AL,3,1,1,0,0,0,0,0,0,0
Elias Dia,25,PIT,NL,1,4,4,0,0,0,0,0,1,0
Jumbo Dia,32,CIN,NL,45,1,1,0,0,0,0,0,0,0
Alex Dickerson,26,SDP,NL,84,285,253,39,65,16,2,10,37,5
Corey Dickerson,27,TBR,AL,148,548,510,57,125,36,3,24,70,0
R.A. Dicke,41,TOR,AL,1,1,1,0,0,0,0,0,0,0
Jake Diekman,29,TEX,AL,3,0,0,0,0,0,0,0,0,0
Derek Dietrich,26,MIA,NL,128,412,351,39,98,20,5,7,42,1
Wilmer Difo,24,WSN,NL,31,66,58,14,16,3,0,1,7,3
Jose Domingue,25,SDP,NL,30,0,0,0,0,0,0,0,0,0
Matt Domingue,26,TOR,AL,5,12,11,0,0,0,0,0,0,0
Josh Donaldso,30,TOR,AL,155,700,577,122,164,32,5,37,99,7
Sean Doolittle,29,OAK,AL,4,0,0,0,0,0,0,0,0,0
Brian Dozie,29,MIN,AL,155,691,615,104,165,35,5,42,99,18
Hunter Dozie,24,KCR,AL,8,21,19,4,4,1,0,0,1,0
Kyle Drabe,28,ARI,NL,1,0,0,0,0,0,0,0,0,0
Oliver Drak,29,BAL,AL,2,1,1,0,0,0,0,0,0,0
Stephen Drew,33,WSN,NL,70,165,143,24,38,11,1,8,21,0
Brandon Drur,23,ARI,NL,134,499,461,59,130,31,1,16,53,1
Lucas Duda,30,NYM,NL,47,172,153,20,35,7,0,7,23,0
Tyler Duffe,25,MIN,AL,1,2,1,0,0,0,0,0,0,0
Danny Duffy,27,KCR,AL,2,6,5,1,1,0,0,0,1,0
Matt Duff,25,TOT,MLB,91,366,333,41,86,14,2,5,28,8
Matt Duff,25,SFG,NL,70,286,257,32,65,11,2,4,21,8
Matt Duff,25,TBR,AL,21,80,76,9,21,3,0,1,7,0
Matt Duff,27,HOU,AL,3,3,3,0,0,0,0,0,0,0
Zach Duke,33,TOT,MLB,30,0,0,0,0,0,0,0,0,0
Zach Duke,33,CHW,AL,3,0,0,0,0,0,0,0,0,0
Zach Duke,33,STL,NL,27,0,0,0,0,0,0,0,0,0
Ryan Dul,26,OAK,AL,8,0,0,0,0,0,0,0,0,0
Mike Dunn,31,MIA,NL,48,0,0,0,0,0,0,0,0,0
Adam Duval,27,CIN,NL,150,608,552,85,133,31,6,33,103,6
Jarrod Dyson,31,KCR,AL,107,337,299,46,83,14,8,1,25,30
Sam Dyso,28,TEX,AL,5,0,0,0,0,0,0,0,0,0
Adam Eaton,27,CHW,AL,157,706,619,91,176,29,9,14,59,14
Josh Edgi,29,NYM,NL,15,0,0,0,0,0,0,0,0,0
Carl Edward,24,CHC,NL,34,1,1,0,0,0,0,0,0,0
Zach Efli,22,PHI,NL,10,23,23,2,6,2,0,0,0,0
Cody Ege,25,TOT,MLB,5,1,1,0,1,0,0,0,0,0
Cody Ege,25,MIA,NL,5,1,1,0,1,0,0,0,0,0
Brett Eibne,27,TOT,AL,70,208,187,21,36,10,1,6,22,0
Brett Eibne,27,KCR,AL,26,85,78,11,18,6,0,3,10,0
Brett Eibne,27,OAK,AL,44,123,109,10,18,4,1,3,12,0
Jerad Eickhof,25,PHI,NL,30,62,61,4,8,3,0,0,5,0
Roenis Elias,27,BOS,AL,1,0,0,0,0,0,0,0,0,0
Brian Ellingto,25,MIA,NL,28,1,1,0,0,0,0,0,0,0
A.J. Elli,35,TOT,NL,64,196,171,11,37,8,0,2,22,2
A.J. Elli,35,LAD,NL,53,161,139,8,27,5,0,1,13,1
A.J. Elli,35,PHI,NL,11,35,32,3,10,3,0,1,9,1
Jacoby Ellsbury,32,NYY,AL,148,626,551,71,145,24,5,9,56,20
Jake Elmor,29,MIL,NL,59,99,78,7,17,2,0,0,4,2
Edwin Encarnacio,33,TOR,AL,160,702,601,99,158,34,0,42,127,2
Nathan Eovald,26,NYY,AL,3,7,5,0,0,0,0,0,0,0
Robbie Erli,25,SDP,NL,3,6,6,0,0,0,0,0,0,0
Jake Esc,26,MIA,NL,3,5,5,1,1,0,0,0,0,0
Alcides Escoba,29,KCR,AL,162,682,637,57,166,24,6,7,55,17
Eduardo Escobar,27,MIN,AL,105,377,352,32,83,14,2,6,37,1
Edwin Escobar,24,ARI,NL,24,2,2,0,0,0,0,0,0,0
Yunel Escoba,33,LAA,AL,132,567,517,68,157,28,1,5,39,0
Danny Espinosa,29,WSN,NL,157,601,516,66,108,15,0,24,72,9
Carlos Esteve,23,COL,NL,58,0,0,0,0,0,0,0,0,0
Marco Estrad,32,TOR,AL,2,5,5,0,0,0,0,0,0,0
Andre Ethier,34,LAD,NL,16,26,24,2,5,1,0,1,2,0
Dana Eveland,32,TBR,AL,1,0,0,0,0,0,0,0,0,0
Jeurys Famili,26,NYM,NL,74,0,0,0,0,0,0,0,0,0
Taylor Feathersto,26,PHI,NL,19,28,26,2,3,1,0,0,1,2
Tim Federowic,28,CHC,NL,17,33,31,3,6,2,0,0,3,0
Scott Feldman,33,TOT,AL,2,2,2,0,0,0,0,0,0,0
Scott Feldman,33,HOU,AL,2,2,2,0,0,0,0,0,0,0
Michael Feli,23,HOU,AL,2,0,0,0,0,0,0,0,0,0
Neftali Feli,28,PIT,NL,57,0,0,0,0,0,0,0,0,0
Jose Fernande,23,MIA,NL,28,61,52,3,13,2,0,0,6,0
Prince Fielder,32,TEX,AL,89,370,326,29,69,16,0,8,44,0
Josh Field,30,TOT,MLB,23,1,1,0,0,0,0,0,0,0
Josh Field,30,HOU,AL,2,0,0,0,0,0,0,0,0,0
Josh Field,30,LAD,NL,21,1,1,0,0,0,0,0,0,0
Casey Fie,32,TOT,MLB,29,0,0,0,0,0,0,0,0,0
Casey Fie,32,MIN,AL,4,0,0,0,0,0,0,0,0,0
Casey Fie,32,LAD,NL,25,0,0,0,0,0,0,0,0,0
Cole Figueroa,29,PIT,NL,23,27,26,0,4,0,0,0,3,1
Brandon Finnegan,23,CIN,NL,31,61,53,4,6,2,0,0,2,0
Doug Fister,32,HOU,AL,3,7,5,0,1,0,0,0,2,0
Ryan Flaherty,29,BAL,AL,74,176,157,16,34,7,0,3,15,2
Yohan Flande,30,COL,NL,2,1,0,0,0,0,0,0,0,0
Kendry Flore,24,MIA,NL,1,1,1,0,0,0,0,0,0,0
Ramon Flores,24,MIL,NL,104,289,249,18,51,8,0,2,19,3
Wilmer Flore,24,NYM,NL,103,335,307,38,82,14,0,16,49,1
Pedro Florimon,29,PIT,NL,18,25,24,4,5,1,1,0,4,0
Dylan Floro,25,TBR,AL,2,0,0,0,0,0,0,0,0,0
Tyler Flower,30,ATL,NL,83,325,281,27,76,18,0,8,41,0
Gavin Floy,33,TOR,AL,3,1,1,0,0,0,0,0,0,0
Brian Flynn,26,KCR,AL,3,0,0,0,0,0,0,0,0,0
Mike Foltynewic,24,ATL,NL,19,42,36,3,5,1,0,0,1,0
Logan Forsyth,29,TBR,AL,127,567,511,76,135,24,4,20,52,6
Dexter Fowler,30,CHC,NL,125,551,456,84,126,25,7,13,48,13
Maikel Franc,23,PHI,NL,152,630,581,67,148,23,1,25,88,1
Jeff Francoeu,32,TOT,NL,125,331,307,33,78,15,1,7,34,2
Jeff Francoeu,32,ATL,NL,99,276,257,29,64,13,0,7,33,2
Jeff Francoeu,32,MIA,NL,26,55,50,4,14,2,1,0,1,0
Nick Franklin,25,TBR,AL,60,191,174,18,47,10,1,6,26,6
Adam Frazier,24,PIT,NL,66,160,146,21,44,8,1,2,11,4
Todd Frazie,30,CHW,AL,158,666,590,89,133,21,0,40,98,15
Freddie Freeman,26,ATL,NL,158,693,589,102,178,43,6,34,91,6
Mike Freeman,28,TOT,MLB,21,24,22,1,5,1,0,0,1,0
Mike Freeman,28,ARI,NL,8,11,9,0,0,0,0,0,0,0
Mike Freeman,28,SEA,AL,13,13,13,1,5,1,0,0,1,0
Sam Freema,29,MIL,NL,7,0,0,0,0,0,0,0,0,0
David Frees,33,PIT,NL,141,492,437,63,118,23,0,13,55,0
Carlos Fria,26,LAD,NL,1,1,1,0,0,0,0,0,0,0
Christian Friedric,28,SDP,NL,23,43,37,2,2,0,0,0,2,0
Eric Frye,30,TOT,NL,60,133,116,19,31,4,1,0,13,0
Eric Frye,30,STL,NL,24,41,38,7,14,2,0,0,5,0
Eric Frye,30,PIT,NL,36,92,78,12,17,2,1,0,8,0
Rey Fuentes,25,KCR,AL,13,44,41,2,13,1,0,0,5,0
Carson Fulme,22,CHW,AL,1,0,0,0,0,0,0,0,0,0
Michael Fulme,23,DET,AL,1,2,2,0,0,0,0,0,0,0
Yovani Gallard,30,BAL,AL,3,6,4,1,2,0,0,0,0,0
Joey Gallo,22,TEX,AL,17,30,25,2,1,0,0,1,1,1
Freddy Galvis,26,PHI,NL,158,624,584,61,141,26,3,20,67,17
Ben Gamel,24,TOT,AL,33,57,48,9,9,2,0,1,5,0
Ben Gamel,24,NYY,AL,6,10,8,1,1,0,0,0,0,0
Ben Gamel,24,SEA,AL,27,47,40,8,8,2,0,1,5,0
John Gan,23,ATL,NL,19,10,7,0,0,0,0,0,0,0
Adonis Garci,31,ATL,NL,134,563,532,65,145,29,0,14,65,3
Avisail Garci,25,CHW,AL,120,453,413,59,101,18,2,12,51,4
Greg Garcia,26,STL,NL,99,257,214,33,59,11,0,3,17,1
Jaime Garcia,29,STL,NL,29,51,41,3,7,0,0,0,4,0
Leury Garcia,25,CHW,AL,18,50,48,6,11,1,1,1,5,2
Luis Garci,29,PHI,NL,17,1,0,0,0,0,0,0,0,0
Yimi Garci,25,LAD,NL,9,0,0,0,0,0,0,0,0,0
Brett Gardner,32,NYY,AL,148,634,547,80,143,22,6,7,41,16
Dustin Garnea,28,COL,NL,24,75,68,7,16,6,0,1,6,0
Ryan Garto,26,TBR,AL,1,0,0,0,0,0,0,0,0,0
Matt Garz,32,MIL,NL,17,33,28,1,1,0,0,0,0,0
Evan Gatti,29,HOU,AL,128,499,447,58,112,19,0,32,72,2
Kevin Gausman,25,BAL,AL,2,3,2,0,0,0,0,0,0,0
Cory Gearri,30,SFG,NL,54,1,1,0,1,0,0,0,0,0
Dillon Ge,30,KCR,AL,4,3,1,0,0,0,0,0,0,0
Scooter Gennett,26,MIL,NL,136,542,498,58,131,30,1,14,56,8
Craig Gentr,32,LAA,AL,14,39,34,2,5,1,0,0,2,0
Gonzalez Germe,28,COL,NL,37,3,3,0,0,0,0,0,0,0
Johnny Giavotell,28,LAA,AL,99,367,346,44,90,20,1,6,31,4
Kyle Gibso,28,MIN,AL,3,8,7,1,0,0,0,0,0,0
Ken Gile,25,HOU,AL,7,0,0,0,0,0,0,0,0,0
Conor Gillaspie,28,SFG,NL,101,205,191,24,50,8,4,6,25,1
Cole Gillespi,32,MIA,NL,41,55,51,7,12,3,2,0,5,0
Sean Gilmartin,26,NYM,NL,14,0,0,0,0,0,0,0,0,0
Chris Gimene,33,CLE,AL,67,155,139,17,30,4,0,4,11,0
Lucas Giolit,21,WSN,NL,6,6,4,1,1,0,0,0,0,0
Chad Girodo,25,TOR,AL,2,0,0,0,0,0,0,0,0,0
Mychal Given,26,BAL,AL,6,2,2,0,0,0,0,0,0,0
Tyler Glasnow,22,PIT,NL,7,7,7,0,1,0,0,0,0,0
Koda Glove,23,WSN,NL,18,0,0,0,0,0,0,0,0,0
Zack Godle,26,ARI,NL,24,19,18,1,2,0,0,0,0,0
Erik Goedde,27,NYM,NL,34,0,0,0,0,0,0,0,0,0
Tyler Goedde,23,PHI,NL,92,234,213,17,41,3,3,4,16,3
David Gofort,27,MIL,NL,10,0,0,0,0,0,0,0,0,0
Ryan Goins,28,TOR,AL,76,196,183,13,34,9,2,3,12,1
Paul Goldschmid,28,ARI,NL,158,705,579,106,172,33,3,24,95,32
Yan Gome,28,CLE,AL,74,264,251,22,42,11,1,9,34,0
Carlos Gome,30,TOT,AL,118,453,411,45,95,22,1,13,53,18
Carlos Gome,30,HOU,AL,85,323,295,27,62,16,1,5,29,13
Carlos Gome,30,TEX,AL,33,130,116,18,33,6,0,8,24,5
Jeanmar Gome,28,PHI,NL,67,0,0,0,0,0,0,0,0,0
Adrian Gonzalez,34,LAD,NL,156,633,568,69,162,31,0,18,90,0
Carlos Gonzalez,30,COL,NL,150,632,584,87,174,42,2,25,100,2
Erik Gonzale,24,CLE,AL,21,17,16,2,5,0,0,0,0,0
Gio Gonzale,30,WSN,NL,29,59,52,1,7,2,0,0,2,0
Marwin Gonzalez,27,HOU,AL,141,518,484,55,123,26,3,13,51,12
Miguel Gonzale,32,CHW,AL,1,1,1,0,0,0,0,0,0,0
Severino Gonzale,23,PHI,NL,25,1,1,0,0,0,0,0,0,0
Brian Goodwin,25,WSN,NL,22,44,42,1,12,4,1,0,5,0
Nick Good,24,NYY,AL,3,0,0,0,0,0,0,0,0,0
Alex Gordon,32,KCR,AL,128,506,445,62,98,16,2,17,40,8
Dee Gordon,28,MIA,NL,79,346,325,47,87,7,6,1,14,30
Terrance Gor,25,KCR,AL,17,3,3,6,0,0,0,0,0,11
Tom Gorzelann,33,CLE,AL,1,0,0,0,0,0,0,0,0,0
Anthony Gose,25,DET,AL,30,101,91,11,19,2,2,2,7,0
Tuffy Gosewisc,32,ARI,NL,33,99,90,8,14,1,1,3,7,0
Philip Gosseli,27,ARI,NL,122,240,220,26,61,12,1,2,13,3
Trevor Got,23,WSN,NL,9,0,0,0,0,0,0,0,0,0
Matt Grace,27,WSN,NL,6,0,0,0,0,0,0,0,0,0
Yasmani Grandal,27,LAD,NL,126,457,390,49,89,14,1,27,72,1
Curtis Granderson,35,NYM,NL,150,633,545,88,129,24,5,30,59,4
Juan Gratero,27,LAA,AL,9,15,14,2,4,2,0,0,3,0
Kendall Gravema,25,OAK,AL,3,5,4,0,0,0,0,0,0,0
Jon Gra,24,COL,NL,26,55,47,2,7,2,0,0,4,0
Sonny Gra,26,OAK,AL,1,3,2,0,0,0,0,0,0,0
Chad Green,25,NYY,AL,2,4,4,0,0,0,0,0,0,0
Grant Gree,28,SFG,NL,18,50,46,7,12,2,0,1,7,0
Shane Green,27,DET,AL,3,2,2,0,0,0,0,0,0,0
Luke Gregerson,32,HOU,AL,3,0,0,0,0,0,0,0,0,0
Didi Gregorius,26,NYY,AL,153,597,562,68,155,32,2,20,70,7
Zack Greink,32,ARI,NL,25,60,52,4,11,1,0,0,3,1
Randal Grichu,24,STL,NL,132,478,446,66,107,29,3,24,68,5
A.J. Griffi,28,TEX,AL,1,2,2,0,0,0,0,0,0,0
Jason Grill,39,TOT,MLB,21,0,0,0,0,0,0,0,0,0
Jason Grill,39,ATL,NL,18,0,0,0,0,0,0,0,0,0
Jason Grill,39,TOR,AL,3,0,0,0,0,0,0,0,0,0
Justin Grim,27,CHC,NL,64,0,0,0,0,0,0,0,0,0
Robbie Grossman,26,MIN,AL,99,389,332,49,93,19,1,11,37,2
Robert Gsellma,22,NYM,NL,9,17,15,0,1,0,0,0,0,0
Deolis Guerr,27,LAA,AL,3,0,0,0,0,0,0,0,0,0
Javy Guerr,30,LAA,AL,2,0,0,0,0,0,0,0,0,0
Junior Guerr,31,MIL,NL,19,43,35,2,8,2,0,0,0,0
Tayron Guerrer,25,SDP,NL,1,0,0,0,0,0,0,0,0,0
Jason Gurka,28,COL,NL,6,0,0,0,0,0,0,0,0,0
Yuli Gurrie,32,HOU,AL,36,137,130,13,34,7,0,3,15,1
Franklin Gutierre,33,SEA,AL,98,283,248,33,61,9,0,14,39,1
Brandon Guye,30,TOT,AL,101,345,293,39,78,17,1,9,32,3
Brandon Guye,30,TBR,AL,63,249,212,27,51,12,1,7,18,2
Brandon Guye,30,CLE,AL,38,96,81,12,27,5,0,2,14,1
Jedd Gyork,27,STL,NL,128,438,400,58,97,9,1,30,59,0
Jesse Hah,26,OAK,AL,1,1,1,0,0,0,0,0,0,0
David Hal,28,COL,NL,2,0,0,0,0,0,0,0,0,0
Cody Hal,28,MIA,NL,2,0,0,0,0,0,0,0,0,0
Cole Hamels,32,TEX,AL,3,8,8,0,1,0,0,0,0,0
Billy Hamilton,25,CIN,NL,119,460,411,69,107,19,3,3,17,58
Jason Hamme,33,CHC,NL,35,69,65,6,16,3,0,0,7,0
Brad Hand,26,SDP,NL,77,5,4,0,0,0,0,0,0,0
Ryan Haniga,35,BOS,AL,35,113,105,9,18,4,0,1,14,0
Mitch Hanige,25,ARI,NL,34,123,109,9,25,2,1,5,17,0
Alen Hanson,23,PIT,NL,27,33,31,5,7,1,0,0,1,2
J.A. Happ,33,TOR,AL,4,10,7,2,2,0,0,0,0,0
J.J. Hard,33,BAL,AL,115,438,405,43,109,29,0,9,48,0
Bryce Harper,23,WSN,NL,147,627,506,84,123,24,2,24,86,21
Lucas Harrell,31,TOT,MLB,4,8,8,0,0,0,0,0,0,0
Lucas Harrell,31,ATL,NL,4,8,8,0,0,0,0,0,0,0
Will Harri,31,HOU,AL,7,0,0,0,0,0,0,0,0,0
Josh Harriso,28,PIT,NL,131,522,487,57,138,25,7,4,59,19
Donnie Hart,25,BAL,AL,3,1,1,0,0,0,0,0,0,0
Matt Harve,27,NYM,NL,15,25,22,2,3,1,0,0,0,0
Chris Hatcher,31,LAD,NL,34,3,3,0,1,0,0,0,1,0
Steve Hathaway,25,ARI,NL,21,0,0,0,0,0,0,0,0,0
Drew Haye,28,CIN,NL,6,2,1,0,0,0,0,0,0,0
Jeremy Hazelbaker,28,STL,NL,114,224,200,35,47,7,3,12,28,5
Chase Headley,32,NYY,AL,140,529,467,58,118,18,1,14,51,8
Ryon Heal,24,OAK,AL,72,283,269,36,82,20,0,13,37,0
Adeiny Hechavarri,27,MIA,NL,155,547,508,52,120,17,6,3,38,1
Austin Hedge,23,SDP,NL,8,26,24,2,3,1,0,0,1,0
Chris Heise,31,WSN,NL,83,155,139,18,30,3,1,9,17,0
Jeremy Hellickso,29,PHI,NL,31,66,54,3,9,1,0,0,4,0
Heath Hembre,27,BOS,AL,1,0,0,0,0,0,0,0,0,0
Jim Henderson,33,NYM,NL,42,0,0,0,0,0,0,0,0,0
Kyle Hendrick,26,CHC,NL,30,68,58,1,8,0,0,0,2,0
Liam Hendrik,27,OAK,AL,3,0,0,0,0,0,0,0,0,0
Guillermo Heredi,25,SEA,AL,45,107,92,12,23,3,0,1,12,1
Cesar Hernandez,26,PHI,NL,155,622,547,67,161,14,11,6,39,17
David Hernande,31,PHI,NL,64,0,0,0,0,0,0,0,0,0
Enrique Hernande,24,LAD,NL,109,244,216,25,41,8,0,7,18,2
Felix Hernande,30,SEA,AL,3,8,6,0,0,0,0,0,0,0
Gorkys Hernande,28,SFG,NL,26,57,54,7,14,5,0,2,4,0
Marco Hernandez,23,BOS,AL,40,56,51,11,15,1,0,1,5,1
Oscar Hernande,22,ARI,NL,4,11,11,1,2,0,0,1,1,0
Roberto Hernande,35,ATL,NL,2,4,4,0,0,0,0,0,0,0
Teoscar Hernande,23,HOU,AL,41,112,100,15,23,7,0,4,11,0
Kelvin Herrer,26,KCR,AL,7,0,0,0,0,0,0,0,0,0
Odubel Herrera,24,PHI,NL,159,656,583,87,167,21,6,15,49,25
Chris Herrmann,28,ARI,NL,56,166,148,21,42,5,4,6,28,4
Frank Herrmann,32,PHI,NL,14,1,1,0,0,0,0,0,0,0
Keith Hessler,27,TOT,NL,17,0,0,0,0,0,0,0,0,0
Keith Hessler,27,ARI,NL,2,0,0,0,0,0,0,0,0,0
Keith Hessler,27,SDP,NL,15,0,0,0,0,0,0,0,0,0
Chris Hesto,28,SFG,NL,4,0,0,0,0,0,0,0,0,0
Jason Heyward,26,CHC,NL,142,592,530,61,122,27,1,7,49,11
Aaron Hicks,26,NYY,AL,123,361,327,32,71,13,1,8,31,3
John Hick,26,DET,AL,1,2,2,1,1,1,0,0,0,0
Aaron Hil,34,TOT,MLB,125,429,378,48,99,14,0,10,38,4
Aaron Hil,34,MIL,NL,78,292,254,34,72,11,0,8,29,4
Aaron Hil,34,BOS,AL,47,137,124,14,27,3,0,2,9,0
Rich Hill,36,TOT,MLB,6,12,12,0,0,0,0,0,0,0
Rich Hill,36,LAD,NL,6,12,12,0,0,0,0,0,0,0
Dalier Hinojos,30,PHI,NL,10,0,0,0,0,0,0,0,0,0
Luke Hocheva,32,KCR,AL,3,0,0,0,0,0,0,0,0,0
Jeff Hoffma,23,COL,NL,8,9,8,0,0,0,0,0,0,0
Bryan Holada,28,TOT,AL,43,129,117,17,27,7,1,2,14,0
Bryan Holada,28,TEX,AL,29,94,84,14,20,6,1,2,13,0
Bryan Holada,28,BOS,AL,14,35,33,3,7,1,0,0,1,0
Derek Holland,29,TEX,AL,1,2,2,0,1,0,0,0,0,0
Matt Hollida,36,STL,NL,110,426,382,48,94,20,1,20,62,0
Brock Holt,28,BOS,AL,94,324,290,45,74,16,0,7,34,4
Tyler Hol,27,CIN,NL,106,208,179,21,42,5,3,0,13,4
Destin Hoo,26,MIA,NL,13,25,25,3,6,1,0,1,2,0
J.J. Hoove,28,CIN,NL,16,0,0,0,0,0,0,0,0,0
Eric Hosmer,26,KCR,AL,158,667,605,80,161,24,1,25,104,5
Ryan Howard,36,PHI,NL,112,362,331,35,65,10,0,25,59,0
J.P. Howell,33,LAD,NL,61,2,2,0,0,0,0,0,0,0
Jared Hoying,27,TEX,AL,38,49,46,8,10,2,0,0,5,1
James Hoy,29,HOU,AL,1,0,0,0,0,0,0,0,0,0
Daniel Hudso,29,ARI,NL,65,0,0,0,0,0,0,0,0,0
Jared Hughe,30,PIT,NL,65,1,1,0,0,0,0,0,0,0
Phil Hughe,30,MIN,AL,1,2,2,0,0,0,0,0,0,0
Nick Hundle,32,COL,NL,83,317,289,30,75,20,1,10,48,0
Cedric Hunter,28,PHI,NL,13,36,34,3,3,0,0,1,1,0
Tommy Hunte,29,TOT,AL,3,0,0,0,0,0,0,0,0,0
Tommy Hunte,29,CLE,AL,3,0,0,0,0,0,0,0,0,0
Jason Hurs,24,ATL,NL,2,0,0,0,0,0,0,0,0,0
Drew Hutchison,25,TOT,MLB,6,1,1,0,0,0,0,0,0,0
Drew Hutchison,25,PIT,NL,6,1,1,0,0,0,0,0,0,0
Chris Iannett,33,SEA,AL,94,338,295,23,62,14,0,7,24,0
Jose Iglesia,26,DET,AL,137,513,467,57,119,26,0,4,32,7
Raisel Iglesia,26,CIN,NL,35,11,11,0,1,0,0,0,0,0
Ender Inciarte,25,ATL,NL,131,578,522,85,152,24,7,3,29,16
Omar Infant,34,KCR,AL,39,149,134,16,32,9,1,0,11,0
Hernan Iribarren,32,CIN,NL,24,45,45,6,14,0,3,0,2,1
Hisashi Iwakum,35,SEA,AL,2,3,2,0,0,0,0,0,0,0
Austin Jackso,29,CHW,AL,54,203,181,24,46,12,2,0,18,2
Edwin Jackso,32,TOT,NL,23,27,23,2,5,1,0,0,2,1
Edwin Jackso,32,MIA,NL,8,0,0,0,0,0,0,0,0,0
Edwin Jackso,32,SDP,NL,15,27,23,2,5,1,0,0,2,1
Paul Janis,33,BAL,AL,14,35,31,3,6,1,0,0,0,0
Travis Jankowski,25,SDP,NL,131,383,335,53,82,13,2,2,12,30
Kenley Jansen,28,LAD,NL,68,0,0,0,0,0,0,0,0,0
John Jaso,32,PIT,NL,132,432,380,45,102,25,3,8,42,0
Jon Jay,31,SDP,NL,90,374,347,49,101,26,1,2,26,2
Jeremy Jeffres,28,TOT,MLB,48,0,0,0,0,0,0,0,0,0
Jeremy Jeffres,28,MIL,NL,46,0,0,0,0,0,0,0,0,0
Jeremy Jeffres,28,TEX,AL,2,0,0,0,0,0,0,0,0,0
Tyrell Jenkin,23,ATL,NL,14,17,13,0,0,0,0,0,0,0
Dan Jennings,29,CHW,AL,5,0,0,0,0,0,0,0,0,0
Desmond Jenning,29,TBR,AL,65,225,200,22,40,7,1,7,20,2
Kyle Jense,28,ARI,NL,17,34,31,5,6,0,1,2,7,0
Kevin Jepse,31,TOT,AL,3,0,0,0,0,0,0,0,0,0
Kevin Jepse,31,MIN,AL,1,0,0,0,0,0,0,0,0,0
Kevin Jepse,31,TBR,AL,2,0,0,0,0,0,0,0,0,0
Ubaldo Jimene,32,BAL,AL,3,4,4,0,0,0,0,0,0,0
Chris Johnso,31,MIA,NL,113,264,243,20,54,11,0,5,24,0
Erik Johnso,26,TOT,MLB,3,5,4,0,0,0,0,0,0,0
Erik Johnso,26,SDP,NL,3,5,4,0,0,0,0,0,0,0
Jim Johnso,33,ATL,NL,61,1,1,0,0,0,0,0,0,0
Kelly Johnson,34,TOT,NL,131,333,304,25,75,14,0,10,34,4
Kelly Johnson,34,ATL,NL,49,132,121,8,26,6,0,1,10,1
Kelly Johnson,34,NYM,NL,82,201,183,17,49,8,0,9,24,3
Micah Johnson,25,LAD,NL,7,6,6,1,1,0,0,0,0,0
Steve Johnso,28,SEA,AL,1,0,0,0,0,0,0,0,0,0
Adam Jone,30,BAL,AL,152,672,619,86,164,19,0,29,83,2
JaCoby Jone,24,DET,AL,13,28,28,3,6,3,0,0,2,0
Nate Jone,30,CHW,AL,5,0,0,0,0,0,0,0,0,0
Caleb Josep,30,BAL,AL,49,141,132,7,23,3,0,0,0,0
Tommy Josep,24,PHI,NL,107,347,315,47,81,15,0,21,47,1
Matthew Joyce,31,PIT,NL,140,293,231,45,56,10,1,13,42,1
Aaron Judg,24,NYY,AL,27,95,84,10,15,2,0,4,10,0
Taylor Jungman,26,MIL,NL,8,8,8,1,1,0,0,0,0,0
Tommy Kahnl,26,CHW,AL,2,0,0,0,0,0,0,0,0,0
Ryan Kalish,28,CHC,NL,7,10,7,1,2,0,0,0,2,0
Jung Ho Kan,29,PIT,NL,103,370,318,45,81,19,0,21,62,3
Nate Karn,28,SEA,AL,2,1,1,0,0,0,0,0,0,0
Munenori Kawasaki,35,CHC,NL,14,26,21,3,7,2,0,0,1,2
Scott Kazmir,32,LAD,NL,26,50,43,3,5,0,0,0,2,0
Keone Kel,23,TEX,AL,2,0,0,0,0,0,0,0,0,0
Shawn Kelle,32,WSN,NL,64,1,1,0,0,0,0,0,0,0
Carson Kell,21,STL,NL,10,14,13,1,2,1,0,0,1,0
Casey Kell,26,ATL,NL,10,3,2,0,0,0,0,0,0,0
Don Kelly,36,MIA,NL,13,30,27,2,4,0,2,0,3,0
Joe Kell,28,BOS,AL,2,0,0,0,0,0,0,0,0,0
Ty Kelly,27,NYM,NL,39,71,58,9,14,1,1,1,7,0
Matt Kem,31,TOT,NL,156,672,623,89,167,39,0,35,108,1
Matt Kem,31,SDP,NL,100,431,409,54,107,24,0,23,69,0
Matt Kem,31,ATL,NL,56,241,214,35,60,15,0,12,39,1
Tony Kemp,24,HOU,AL,59,136,120,15,26,4,3,1,7,2
Howie Kendric,32,LAD,NL,146,543,487,65,124,26,2,8,40,10
Ian Kenned,31,KCR,AL,2,3,3,0,0,0,0,0,0,0
Logan Kensin,33,DET,AL,1,0,0,0,0,0,0,0,0,0
Max Kepler,23,MIN,AL,113,447,396,52,93,20,2,17,63,6
Clayton Kershaw,28,LAD,NL,21,50,46,2,8,1,0,0,3,0
Dallas Keuchel,28,HOU,AL,1,2,2,0,0,0,0,0,0,0
Spencer Kieboo,25,WSN,NL,1,1,0,1,0,0,0,0,0,0
Dean Kiekhefer,27,STL,NL,26,1,1,0,0,0,0,0,0,0
Kevin Kiermaier,26,TBR,AL,105,414,366,55,90,20,2,12,37,21
Hyun Soo Kim,28,BAL,AL,95,346,305,36,92,16,1,6,22,1
Craig Kimbre,28,BOS,AL,3,0,0,0,0,0,0,0,0,0
Ian Kinsle,34,DET,AL,153,679,618,117,178,29,4,28,83,14
Brandon Kintzle,31,MIN,AL,2,0,0,0,0,0,0,0,0,0
Jason Kipnis,29,CLE,AL,156,688,610,91,168,41,4,23,82,15
Michael Kirkman,29,TOT,NL,2,0,0,0,0,0,0,0,0,0
Michael Kirkman,29,SDP,NL,1,0,0,0,0,0,0,0,0,0
Michael Kirkman,29,MIL,NL,1,0,0,0,0,0,0,0,0,0
Patrick Kivleha,26,TOT,NL,8,24,21,5,4,0,0,1,2,0
Patrick Kivleha,26,SDP,NL,5,19,16,5,4,0,0,1,2,0
Patrick Kivleha,26,CIN,NL,3,5,5,0,0,0,0,0,0,0
Phil Klei,27,TOT,MLB,4,2,2,0,0,0,0,0,0,0
Phil Klei,27,PHI,NL,4,2,2,0,0,0,0,0,0,0
Corey Klube,30,CLE,AL,3,6,4,1,1,1,0,0,0,0
Corey Knebe,24,MIL,NL,34,0,0,0,0,0,0,0,0,0
Matt Koch,25,ARI,NL,5,6,3,0,0,0,0,0,0,0
Tom Koehle,30,MIA,NL,30,56,51,1,5,0,0,0,4,0
George Konto,31,SFG,NL,53,0,0,0,0,0,0,0,0,0
Erik Krat,36,TOT,MLB,32,87,85,3,8,2,0,1,4,0
Erik Krat,36,HOU,AL,14,30,29,0,2,1,0,0,0,0
Erik Krat,36,PIT,NL,18,57,56,3,6,1,0,1,4,0
Ian Krol,25,ATL,NL,59,1,1,0,0,0,0,0,0,0
Chad Kuh,23,PIT,NL,14,26,23,0,2,0,0,0,0,0
Tommy La Stella,27,CHC,NL,74,169,148,17,40,12,1,2,11,0
John Lacke,37,CHC,NL,28,69,63,1,6,2,0,0,2,0
Tyler Ladendor,28,OAK,AL,44,50,48,6,4,0,0,0,1,2
Juan Lagare,27,NYM,NL,79,160,142,15,34,7,2,3,9,4
Junior Lak,26,TOR,AL,22,39,35,5,7,3,0,1,2,1
Blake Lalli,33,ATL,NL,10,13,13,0,2,1,0,0,1,0
Ryan LaMarr,27,BOS,AL,5,6,5,1,0,0,0,0,0,0
Jake Lamb,25,ARI,NL,151,594,523,81,130,31,9,29,91,6
John Lamb,25,CIN,NL,12,22,20,0,1,0,0,0,0,0
Andrew Lambo,27,OAK,AL,1,1,1,0,0,0,0,0,0,0
Mat Lato,28,TOT,MLB,7,5,5,1,1,0,0,1,1,0
Mat Lato,28,CHW,AL,1,2,2,0,0,0,0,0,0,0
Mat Lato,28,WSN,NL,6,3,3,1,1,0,0,1,1,0
Derek La,25,SFG,NL,57,1,1,0,0,0,0,0,0,0
Brett Lawri,26,CHW,AL,94,384,351,35,87,22,0,12,36,7
Mike Leak,28,STL,NL,32,55,49,3,7,1,0,0,4,0
Wade LeBlanc,31,TOT,MLB,8,1,1,0,0,0,0,0,0,0
Wade LeBlanc,31,PIT,NL,8,1,1,0,0,0,0,0,0,0
Jose Lecler,22,TEX,AL,1,0,0,0,0,0,0,0,0,0
Dae-ho Le,34,SEA,AL,104,317,292,33,74,9,0,14,49,0
DJ LeMahie,27,COL,NL,146,635,552,104,192,32,8,11,66,11
Sandy Leon,27,BOS,AL,78,283,252,36,78,17,2,7,35,0
Dominic Leon,24,ARI,NL,22,0,0,0,0,0,0,0,0,0
Jon Lester,32,CHC,NL,30,75,59,3,6,3,0,0,6,0
Adam Liberatore,29,LAD,NL,55,0,0,0,0,0,0,0,0,0
Pat Ligh,25,TOT,AL,2,0,0,0,0,0,0,0,0,0
Pat Ligh,25,BOS,AL,1,0,0,0,0,0,0,0,0,0
Pat Ligh,25,MIN,AL,1,0,0,0,0,0,0,0,0,0
Adam Lind,32,SEA,AL,126,430,401,48,96,17,0,20,58,0
Francisco Lindor,22,CLE,AL,158,684,604,99,182,30,3,15,78,19
Francisco Liriano,32,TOT,MLB,21,42,42,2,12,1,0,1,5,0
Francisco Liriano,32,PIT,NL,21,42,42,2,12,1,0,1,5,0
Jose Lobaton,31,WSN,NL,39,114,99,10,23,3,1,3,8,0
Kyle Lobstein,26,PIT,NL,13,2,2,0,0,0,0,0,0,0
Jeff Locke,28,PIT,NL,30,39,32,0,4,0,0,0,0,0
Adam Loewen,32,ARI,NL,6,0,0,0,0,0,0,0,0,0
Boone Loga,31,COL,NL,60,0,0,0,0,0,0,0,0,0
James Loney,32,NYM,NL,100,366,343,30,91,16,1,9,34,0
Evan Longori,30,TBR,AL,160,685,633,81,173,41,4,36,98,0
Javier Lopez,38,SFG,NL,65,1,1,0,0,0,0,0,0,0
Rafael Lopez,28,CIN,NL,8,7,7,0,0,0,0,0,0,0
Reynaldo Lope,22,WSN,NL,10,14,12,0,1,0,0,0,0,0
Michael Lorenze,24,CIN,NL,35,5,5,1,1,0,0,1,3,0
David Lough,30,PHI,NL,30,79,67,6,16,3,1,0,4,1
Mark Lowe,33,DET,AL,6,0,0,0,0,0,0,0,0,0
Jed Lowrie,32,OAK,AL,87,369,338,30,89,12,1,2,27,0
Jonathan Lucro,30,TOT,MLB,142,544,490,67,143,24,3,24,81,5
Jonathan Lucro,30,MIL,NL,95,376,338,48,101,17,3,13,50,5
Jonathan Lucro,30,TEX,AL,47,168,152,19,42,7,0,11,31,0
Cory Luebk,31,PIT,NL,8,0,0,0,0,0,0,0,0,0
Seth Lug,26,NYM,NL,17,18,16,2,3,1,0,0,1,0
Jordan Lyle,25,COL,NL,37,8,8,0,0,0,0,0,0,0
Tyler Lyons,28,STL,NL,28,4,4,0,0,0,0,0,0,0
Dixon Machad,24,DET,AL,8,13,10,1,1,0,0,0,0,0
Manny Machad,23,BAL,AL,157,696,640,105,188,40,1,37,96,0
Ryan Madson,35,OAK,AL,8,1,1,0,0,0,0,0,0,0
Kenta Maed,28,LAD,NL,34,66,57,5,7,1,0,1,4,0
Matt Magil,26,CIN,NL,5,0,0,0,0,0,0,0,0,0
Damien Magnific,25,MIL,NL,3,0,0,0,0,0,0,0,0,0
Greg Mahle,23,LAA,AL,4,0,0,0,0,0,0,0,0,0
Mikie Mahtoo,26,TBR,AL,65,196,185,16,36,9,0,3,11,0
Luke Mail,25,TBR,AL,42,126,119,10,27,7,0,3,15,0
Martin Maldonad,29,MIL,NL,76,253,208,21,42,7,0,8,21,1
Sean Manae,24,OAK,AL,1,2,2,0,0,0,0,0,0,0
Trey Mancin,24,BAL,AL,5,15,14,3,5,1,0,3,5,0
Seth Manes,27,STL,NL,27,1,1,0,0,0,0,0,0,0
Jeff Manshi,31,CLE,AL,4,0,0,0,0,0,0,0,0,0
Manuel Margo,21,SDP,NL,10,37,37,4,9,4,1,0,3,2
Jhan Marine,27,TOT,MLB,40,3,3,0,0,0,0,0,0,0
Jhan Marine,27,MIL,NL,40,3,3,0,0,0,0,0,0,0
Michael Mario,27,PHI,NL,24,0,0,0,0,0,0,0,0,0
Jake Marisnic,25,HOU,AL,118,311,287,40,60,18,1,5,21,10
Nick Markakis,32,ATL,NL,158,684,599,67,161,38,0,13,89,0
Matt Marksberry,25,ATL,NL,4,0,0,0,0,0,0,0,0,0
German Marque,21,COL,NL,6,8,6,1,0,0,0,0,0,0
Deven Marrer,25,BOS,AL,13,14,12,0,1,0,0,0,0,0
Evan Marshal,26,ARI,NL,15,0,0,0,0,0,0,0,0,0
Jefry Mart,25,LAA,AL,88,284,258,38,65,14,0,15,44,2
Kelvin Mart,28,PIT,NL,2,0,0,0,0,0,0,0,0,0
Ketel Marte,22,SEA,AL,119,466,437,55,113,21,2,1,33,11
Starling Mart,27,PIT,NL,129,529,489,71,152,34,5,9,46,47
Cody Marti,26,SEA,AL,2,0,0,0,0,0,0,0,0,0
Leonys Martin,28,SEA,AL,143,576,518,72,128,17,3,15,47,24
Rafael Marti,32,WSN,NL,8,0,0,0,0,0,0,0,0,0
Russell Marti,33,TOR,AL,137,535,455,62,105,16,0,20,74,2
Carlos Martine,24,STL,NL,31,65,59,5,14,1,0,0,6,0
J.D. Martine,28,DET,AL,120,517,460,69,141,35,2,22,68,1
Jose Martine,27,STL,NL,12,18,16,4,7,1,0,0,1,0
Michael Martinez,33,TOT,AL,63,106,101,16,24,4,0,1,4,0
Michael Martinez,33,CLE,AL,32,63,60,10,17,3,0,1,3,0
Michael Martinez,33,BOS,AL,4,7,6,1,1,0,0,0,0,0
Michael Martinez,33,CLE,AL,27,36,35,5,6,1,0,0,1,0
Nick Martinez,25,TEX,AL,1,2,2,0,0,0,0,0,0,0
Victor Martinez,37,DET,AL,154,610,553,65,160,22,0,27,86,0
Darin Mastroiann,30,MIN,AL,7,11,9,1,0,0,0,0,0,1
Jeff Mathi,33,MIA,NL,41,132,126,12,30,4,1,2,15,0
Brian Matusz,29,TOT,MLB,1,0,0,0,0,0,0,0,0,0
Brian Matusz,29,CHC,NL,1,0,0,0,0,0,0,0,0,0
Steven Mat,25,NYM,NL,22,45,36,0,5,1,1,0,2,0
Joe Mauer,33,MIN,AL,134,576,494,68,129,22,4,11,49,2
Brandon Maure,25,SDP,NL,67,0,0,0,0,0,0,0,0,0
Bruce Maxwell,25,OAK,AL,33,101,92,8,26,6,1,1,14,0
Trevor Ma,26,MIN,AL,2,0,0,0,0,0,0,0,0,0
Cameron Maybi,29,DET,AL,94,391,349,65,110,14,5,4,43,15
Mike Mayer,24,STL,NL,4,0,0,0,0,0,0,0,0,0
Nomar Mazara,21,TEX,AL,145,568,516,59,137,13,3,20,64,0
Vin Mazzar,29,SFG,NL,2,1,1,0,0,0,0,0,0,0
Zach McAlliste,28,CLE,AL,3,0,0,0,0,0,0,0,0,0
Matt McBrid,31,OAK,AL,20,44,43,4,9,3,0,0,2,0
Brian McCann,32,NYY,AL,130,492,429,56,104,13,0,20,58,1
James McCan,26,DET,AL,105,373,344,31,76,9,1,12,48,0
Brandon McCarth,32,LAD,NL,10,15,13,0,0,0,0,0,1,0
Lance McCullers,22,HOU,AL,1,3,3,1,1,0,0,0,0,0
Andrew McCutche,29,PIT,NL,153,675,598,81,153,26,3,24,79,6
T.J. McFarland,27,BAL,AL,2,0,0,0,0,0,0,0,0,0
Jake McGee,29,COL,NL,54,0,0,0,0,0,0,0,0,0
Casey McGehe,33,DET,AL,30,96,92,4,21,1,0,0,1,0
Dustin McGowa,34,MIA,NL,50,4,4,0,0,0,0,0,0,0
Collin McHug,29,HOU,AL,3,8,6,0,0,0,0,0,0,0
Michael McKenr,31,STL,NL,3,2,1,0,0,0,0,0,0,0
Mark Melanco,31,TOT,NL,71,0,0,0,0,0,0,0,0,0
Mark Melanco,31,PIT,NL,41,0,0,0,0,0,0,0,0,0
Mark Melanco,31,WSN,NL,30,0,0,0,0,0,0,0,0,0
Tim Melvill,26,CIN,NL,3,2,2,0,0,0,0,0,0,0
Daniel Mengde,23,OAK,AL,2,6,6,0,0,0,0,0,0,0
Jordy Merce,29,PIT,NL,149,584,519,66,133,22,3,11,59,1
Whit Merrifiel,27,KCR,AL,81,332,311,44,88,22,3,2,29,8
Devin Mesorac,28,CIN,NL,16,55,50,2,7,1,0,0,1,0
Will Middlebrook,27,MIL,NL,10,31,27,2,3,0,0,0,1,0
Wade Miley,29,TOT,AL,5,12,11,1,2,0,0,0,0,0
Wade Miley,29,SEA,AL,3,7,7,1,1,0,0,0,0,0
Wade Miley,29,BAL,AL,2,5,4,0,1,0,0,0,0,0
Andrew Miller,31,TOT,AL,5,0,0,0,0,0,0,0,0,0
Andrew Miller,31,NYY,AL,4,0,0,0,0,0,0,0,0,0
Andrew Miller,31,CLE,AL,1,0,0,0,0,0,0,0,0,0
Brad Miller,26,TBR,AL,152,601,548,73,133,29,6,30,81,6
Justin Mille,29,COL,NL,38,1,1,0,0,0,0,0,0,0
Mike Mille,26,BOS,AL,1,1,1,0,0,0,0,0,0,0
Shelby Mille,25,ARI,NL,20,34,32,4,4,1,1,0,0,0
Tommy Milone,29,MIN,AL,1,2,2,0,2,0,0,0,0,0
Juan Minay,25,CHW,AL,1,0,0,0,0,0,0,0,0,0
Yadier Molin,33,STL,NL,147,581,534,56,164,38,1,8,58,3
Yoan Moncada,21,BOS,AL,8,20,19,3,4,1,0,0,1,0
Adalberto Mondesi,20,KCR,AL,47,149,135,16,25,1,3,2,13,9
Miguel Montero,32,CHC,NL,86,284,241,33,52,8,1,8,33,1
Rafael Monter,25,NYM,NL,8,5,5,0,0,0,0,0,0,0
Mike Montgomery,26,TOT,MLB,20,11,11,2,1,0,0,0,1,0
Mike Montgomery,26,SEA,AL,4,0,0,0,0,0,0,0,0,0
Mike Montgomery,26,CHC,NL,16,11,11,2,1,0,0,0,1,0
Adam Moor,32,CLE,AL,9,5,5,0,0,0,0,0,0,0
Matt Moore,27,TOT,MLB,15,35,31,2,3,0,0,0,0,0
Matt Moore,27,TBR,AL,3,7,7,0,2,0,0,0,0,0
Matt Moore,27,SFG,NL,12,28,24,2,1,0,0,0,0,0
Franklin Morales,30,TOR,AL,1,0,0,0,0,0,0,0,0,0
Kendrys Morales,33,KCR,AL,154,618,558,65,147,24,0,30,93,0
Colin Moran,23,HOU,AL,9,25,23,1,3,1,0,0,2,0
Mitch Moreland,30,TEX,AL,147,503,460,49,107,21,0,22,60,1
Adam Morgan,26,PHI,NL,22,36,32,1,3,1,0,0,1,0
Mike Mori,25,LAA,AL,3,0,0,0,0,0,0,0,0,0
Justin Morneau,35,CHW,AL,58,218,203,16,53,14,1,6,25,0
Max Moroff,23,PIT,NL,2,2,2,0,0,0,0,0,0,0
A.J. Morri,29,CIN,NL,7,1,1,0,0,0,0,0,0,0
Bryan Morris,29,MIA,NL,24,1,1,0,0,0,0,0,0,0
Logan Morrison,28,TBR,AL,107,398,353,45,84,18,1,14,43,4
Brandon Morro,31,SDP,NL,17,0,0,0,0,0,0,0,0,0
Mike Mors,34,PIT,NL,6,8,8,0,0,0,0,0,0,0
Charlie Morto,32,PHI,NL,4,7,6,1,1,0,0,0,0,0
Jon Mosco,24,CIN,NL,5,7,4,0,0,0,0,0,0,0
Brandon Moss,32,STL,NL,128,464,413,66,93,19,2,28,67,1
Jason Mott,34,COL,NL,26,0,0,0,0,0,0,0,0,0
Taylor Motte,26,TBR,AL,33,93,80,11,15,3,0,2,9,0
Mike Moustakas,27,KCR,AL,27,113,104,12,25,6,0,7,13,0
Steven Moya,24,DET,AL,31,100,94,9,24,4,2,5,11,0
Peter Moyla,37,KCR,AL,1,0,0,0,0,0,0,0,0,0
Conor Mulle,28,NYY,AL,2,0,0,0,0,0,0,0,0,0
Max Muncy,25,OAK,AL,51,133,113,13,21,2,0,2,8,0
Daniel Murphy,31,WSN,NL,142,582,531,88,184,47,5,25,104,5
John Ryan Murph,25,MIN,AL,26,90,82,4,12,3,0,1,3,0
Tom Murph,25,COL,NL,21,49,44,8,12,2,0,5,13,1
Colton Murra,26,PHI,NL,22,1,1,0,0,0,0,0,0,0
Joe Musgrov,23,HOU,AL,1,1,0,0,0,0,0,0,0,0
Wil Myer,25,SDP,NL,157,676,599,99,155,29,4,28,94,28
Mike Napol,34,CLE,AL,150,645,557,92,133,22,1,34,101,5
Tyler Naquin,25,CLE,AL,116,365,321,52,95,18,5,14,43,6
Omar Narvaez,24,CHW,AL,34,117,101,13,27,4,0,1,10,0
Chris Narveson,34,MIA,NL,6,3,3,0,0,0,0,0,0,0
Joe Natha,41,TOT,NL,9,0,0,0,0,0,0,0,0,0
Joe Natha,41,CHC,NL,2,0,0,0,0,0,0,0,0,0
Joe Natha,41,SFG,NL,7,0,0,0,0,0,0,0,0,0
Daniel Nava,33,TOT,AL,54,148,130,11,29,6,0,1,13,0
Daniel Nava,33,LAA,AL,45,136,119,10,28,5,0,1,13,0
Daniel Nava,33,KCR,AL,9,12,11,1,1,1,0,0,0,0
Dioner Navarro,32,TOT,AL,101,334,304,26,63,13,2,6,35,1
Dioner Navarro,32,CHW,AL,85,298,271,25,57,13,2,6,32,1
Dioner Navarro,32,TOR,AL,16,36,33,1,6,0,0,0,3,0
Zach Nea,27,OAK,AL,3,2,2,0,0,0,0,0,0,0
Jimmy Nelso,27,MIL,NL,30,59,50,1,4,0,0,0,3,0
Hector Neri,27,PHI,NL,74,0,0,0,0,0,0,0,0,0
Pat Neshek,35,HOU,AL,4,0,0,0,0,0,0,0,0,0
Juan Nicasi,29,PIT,NL,49,20,19,1,3,0,0,0,1,0
Brett Nicholas,27,TEX,AL,15,45,40,5,11,5,0,2,4,0
Justin Nicolino,24,MIA,NL,17,24,22,0,2,0,0,0,0,0
Jon Niese,29,TOT,NL,26,34,30,1,3,1,0,0,1,0
Jon Niese,29,PIT,NL,21,33,30,1,3,1,0,0,1,0
Jon Niese,29,NYM,NL,5,1,0,0,0,0,0,0,0,0
Kirk Nieuwenhuis,28,MIL,NL,125,392,335,38,70,18,1,13,44,8
Brandon Nimmo,23,NYM,NL,32,80,73,12,20,1,0,1,6,0
Aaron Nol,23,PHI,NL,18,35,30,1,1,1,0,0,0,0
Ricky Nolasc,33,TOT,AL,2,5,3,0,0,0,0,0,0,0
Ricky Nolasc,33,MIN,AL,1,3,2,0,0,0,0,0,0,0
Ricky Nolasc,33,LAA,AL,1,2,1,0,0,0,0,0,0,0
Nick Noonan,27,SDP,NL,7,20,18,0,3,0,0,0,1,0
Bud Norri,31,TOT,NL,33,38,27,2,6,0,1,0,1,0
Bud Norri,31,ATL,NL,20,22,12,1,2,0,1,0,0,0
Bud Norri,31,LAD,NL,13,16,15,1,4,0,0,0,1,0
Daniel Norris,23,DET,AL,1,3,2,0,0,0,0,0,0,0
Derek Norri,27,SDP,NL,125,458,415,50,77,17,0,14,42,9
Ivan Nov,29,TOT,MLB,14,28,26,1,3,0,0,0,0,0
Ivan Nov,29,NYY,AL,3,4,4,0,0,0,0,0,0,0
Ivan Nov,29,PIT,NL,11,24,22,1,3,0,0,0,0,0
Eduardo Nune,29,TOT,MLB,141,595,553,73,159,24,4,16,67,40
Eduardo Nune,29,MIN,AL,91,396,371,49,110,15,1,12,47,27
Eduardo Nune,29,SFG,NL,50,199,182,24,49,9,3,4,20,13
Renato Nune,22,OAK,AL,9,15,15,0,2,0,0,0,1,0
Vidal Nuno,28,SEA,AL,4,0,0,0,0,0,0,0,0,0
Peter O'Brie,25,ARI,NL,28,67,64,6,9,1,0,5,9,0
Eric O'Flaherty,31,ATL,NL,37,0,0,0,0,0,0,0,0,0
Shawn O'Malley,28,SEA,AL,89,232,210,24,48,9,2,2,17,6
Ryan O'Rourk,28,MIN,AL,5,1,1,0,0,0,0,0,0,0
Scott Ober,26,COL,NL,22,0,0,0,0,0,0,0,0,0
Brett Oberholtzer,26,TOT,MLB,24,7,7,0,1,0,0,0,0,0
Brett Oberholtzer,26,PHI,NL,24,7,7,0,1,0,0,0,0,0
Rougned Odor,22,TEX,AL,150,632,605,89,164,33,4,33,88,14
Jake Odorizz,26,TBR,AL,2,4,4,0,1,0,0,0,1,0
Alexi Ogand,32,ATL,NL,34,0,0,0,0,0,0,0,0,0
Nefi Ogand,27,MIA,NL,12,0,0,0,0,0,0,0,0,0
Seung-hwan O,33,STL,NL,72,2,2,0,0,0,0,0,0,0
Ross Ohlendor,33,CIN,NL,62,0,0,0,0,0,0,0,0,0
Steven Okert,24,SFG,NL,14,1,1,0,0,0,0,0,0,0
Hector Oliver,31,ATL,NL,6,21,19,2,4,1,0,0,2,0
Matt Olson,22,OAK,AL,11,28,21,3,2,1,0,0,0,0
Logan Ondruse,31,BAL,AL,1,0,0,0,0,0,0,0,0,0
Paulo Orland,30,KCR,AL,128,484,457,52,138,24,4,5,43,14
Rafael Ortega,25,LAA,AL,66,202,185,24,43,8,0,1,16,8
David Ortiz,40,BOS,AL,151,626,537,79,169,48,1,38,127,2
Josh Osich,27,SFG,NL,55,0,0,0,0,0,0,0,0,0
Roberto Osun,21,TOR,AL,7,0,0,0,0,0,0,0,0,0
Dan Oter,31,CLE,AL,3,0,0,0,0,0,0,0,0,0
Adam Ottavino,30,COL,NL,30,0,0,0,0,0,0,0,0,0
Chris Owing,24,ARI,NL,119,466,437,52,121,24,11,5,49,21
Marcell Ozun,25,MIA,NL,148,608,557,75,148,23,6,23,76,0
Jordan Pachec,30,CIN,NL,31,51,51,1,8,4,0,0,0,0
Angel Pagan,34,SFG,NL,129,543,495,71,137,24,5,12,55,15
Joe Panik,25,SFG,NL,127,526,464,67,111,21,7,10,62,5
Jonathan Papelbo,35,WSN,NL,34,0,0,0,0,0,0,0,0,0
Jimmy Paredes,27,TOT,MLB,83,167,158,15,35,8,0,5,19,0
Jimmy Paredes,27,TOR,AL,7,17,15,2,4,1,0,1,2,0
Jimmy Paredes,27,PHI,NL,76,150,143,13,31,7,0,4,17,0
ByungHo Par,29,MIN,AL,62,244,215,28,41,9,1,12,24,1
Jarrett Parker,27,SFG,NL,63,151,127,22,30,3,1,5,14,0
Chris Parmelee,28,NYY,AL,6,8,8,4,4,1,0,2,4,0
Gerardo Parra,29,COL,NL,102,381,368,45,93,27,3,7,39,6
Curtis Partc,29,PIT,NL,2,0,0,0,0,0,0,0,0,0
Jordan Patterson,24,COL,NL,10,19,18,1,8,1,0,0,2,0
Spencer Patto,28,CHC,NL,16,2,2,0,0,0,0,0,0,0
Ben Paulsen,28,COL,NL,39,97,92,8,20,5,0,1,11,0
James Paxton,27,SEA,AL,2,4,3,0,0,0,0,0,0,0
Brad Peacoc,28,HOU,AL,1,0,0,0,0,0,0,0,0,0
Steve Pearc,33,TOT,AL,85,302,264,35,76,13,1,13,35,0
Steve Pearc,33,TBR,AL,60,232,204,26,63,11,1,10,29,0
Steve Pearc,33,BAL,AL,25,70,60,9,13,2,0,3,6,0
Jake Peav,35,SFG,NL,28,31,27,2,5,0,0,0,3,0
Joc Pederson,24,LAD,NL,137,476,406,64,100,26,0,25,68,6
Dustin Pedroi,32,BOS,AL,154,698,633,105,201,36,1,15,74,7
Ariel Pen,27,MIL,NL,1,0,0,0,0,0,0,0,0,0
Brayan Pena,34,STL,NL,9,14,13,0,2,1,0,0,0,0
Felix Pen,26,CHC,NL,11,0,0,0,0,0,0,0,0,0
Francisco Pen,26,BAL,AL,14,43,40,5,8,0,0,1,3,0
Ramiro Pena,30,SFG,NL,30,91,87,9,26,6,1,1,10,0
Hunter Penc,33,SFG,NL,106,442,395,58,114,23,1,13,57,1
Cliff Pennington,32,LAA,AL,74,188,172,18,36,4,2,3,10,1
David Peralta,28,ARI,NL,48,183,171,23,43,9,5,4,15,2
Jhonny Peralt,34,STL,NL,82,313,289,37,75,17,1,8,29,0
Joel Peralt,40,TOT,MLB,8,2,2,0,0,0,0,0,0,0
Joel Peralt,40,SEA,AL,3,1,1,0,0,0,0,0,0,0
Joel Peralt,40,CHC,NL,5,1,1,0,0,0,0,0,0,0
Wandy Peralta,24,CIN,NL,10,0,0,0,0,0,0,0,0,0
Wily Peralt,27,MIL,NL,21,41,39,2,5,1,0,1,6,0
Jose Peraz,22,CIN,NL,72,256,241,25,78,8,2,3,25,21
Luis Perdom,23,SDP,NL,32,43,38,1,5,1,0,0,1,0
Carlos Pere,25,LAA,AL,87,291,268,25,56,16,0,5,31,1
Hernan Pere,25,MIL,NL,123,430,404,50,110,18,3,13,56,34
Martin Perez,25,TEX,AL,2,4,3,0,1,0,0,0,0,0
Oliver Perez,34,WSN,NL,59,3,3,1,2,1,0,0,0,0
Roberto Pere,27,CLE,AL,61,184,153,14,28,6,1,3,17,0
Salvador Pere,26,KCR,AL,139,546,514,57,127,28,2,22,64,0
Williams Pere,25,ATL,NL,11,19,17,0,0,0,0,0,0,0
Yefri Perez,25,MIA,NL,12,3,3,5,2,1,0,0,0,4
Jace Peterson,26,ATL,NL,115,408,350,45,89,16,1,7,29,5
Gregorio Peti,31,LAA,AL,89,223,204,21,50,13,1,2,17,1
Yusmeiro Peti,31,WSN,NL,33,7,6,0,1,0,0,0,0,0
Tommy Pha,28,STL,NL,78,183,159,26,36,7,0,9,17,2
Josh Phegle,28,OAK,AL,25,86,78,11,20,6,0,1,10,0
David Phelp,29,MIA,NL,62,13,11,0,2,0,0,0,1,0
Brandon Phillip,35,CIN,NL,141,584,550,74,160,34,1,11,64,14
Zach Phillips,29,PIT,NL,8,0,0,0,0,0,0,0,0,0
A.J. Pierzynski,39,ATL,NL,81,259,247,15,54,15,0,2,23,1
Kevin Pilla,27,TOR,AL,146,584,548,59,146,35,2,7,53,14
Manny Pin,29,MIL,NL,33,81,71,4,18,4,0,2,12,0
Chad Pinde,24,OAK,AL,22,55,51,4,12,4,0,1,4,0
Michael Pined,27,NYY,AL,1,1,1,0,0,0,0,0,0,0
Josmil Pint,27,MIL,NL,6,6,5,1,0,0,0,0,0,0
Jose Pirel,26,SDP,NL,15,41,39,2,6,2,0,0,0,0
Stephen Piscott,25,STL,NL,153,649,582,86,159,35,3,22,85,7
Kevin Plaweck,25,NYM,NL,48,151,132,6,26,6,0,1,11,0
Trevor Plouff,30,MIN,AL,84,344,319,35,83,13,1,12,47,1
Adam Plutk,24,CLE,AL,1,0,0,0,0,0,0,0,0,0
Gregory Polanco,24,PIT,NL,144,587,527,79,136,34,4,22,86,17
Jorge Polanco,22,MIN,AL,69,270,245,24,69,15,4,4,27,4
A.J. Polloc,28,ARI,NL,12,46,41,9,10,0,0,2,4,4
Drew Pomeran,27,TOT,MLB,18,37,35,2,5,0,0,1,4,0
Drew Pomeran,27,SDP,NL,17,35,33,2,5,0,0,1,4,0
Drew Pomeran,27,BOS,AL,1,2,2,0,0,0,0,0,0,0
Dalton Pompey,23,TOR,AL,8,2,2,3,0,0,0,0,0,2
Rick Porcell,27,BOS,AL,2,5,5,0,1,0,0,0,0,0
Buster Pose,29,SFG,NL,146,614,539,82,155,33,2,14,80,6
Martin Prad,32,MIA,NL,153,658,600,70,183,37,3,8,75,2
Alex Presley,30,TOT,MLB,50,134,121,12,24,2,0,3,11,0
Alex Presley,30,MIL,NL,47,129,116,12,23,2,0,3,11,0
Alex Presley,30,DET,AL,3,5,5,0,1,0,0,0,0,0
Ryan Pressl,27,MIN,AL,5,0,0,0,0,0,0,0,0,0
David Price,30,BOS,AL,4,11,10,0,0,0,0,0,0,0
Jurickson Profar,23,TEX,AL,90,307,272,35,65,6,3,5,20,2
Yasiel Pui,25,LAD,NL,104,368,334,45,88,14,2,11,45,5
Albert Pujol,36,LAA,AL,152,650,593,71,159,19,0,31,119,4
Zach Putna,28,CHW,AL,2,0,0,0,0,0,0,0,0,0
Kevin Quackenbus,27,SDP,NL,59,0,0,0,0,0,0,0,0,0
Chad Quall,37,COL,NL,42,0,0,0,0,0,0,0,0,0
Juniel Querecuto,23,TBR,AL,4,11,11,1,1,0,1,0,2,0
Roman Quinn,23,PHI,NL,15,69,57,10,15,4,0,0,6,5
Jose Quintan,27,CHW,AL,1,2,2,0,0,0,0,0,0,0
Ryan Rabur,35,COL,NL,113,256,223,30,49,10,2,9,30,0
Alexei Ramire,34,TOT,MLB,145,506,478,38,115,22,2,6,48,8
Alexei Ramire,34,SDP,NL,128,444,421,33,101,19,2,5,41,6
Alexei Ramire,34,TBR,AL,17,62,57,5,14,3,0,1,7,2
Erasmo Ramire,26,TBR,AL,2,0,0,0,0,0,0,0,0,0
Hanley Ramire,32,BOS,AL,147,620,549,81,157,28,1,30,111,9
J.C. Ramire,27,TOT,MLB,25,0,0,0,0,0,0,0,0,0
J.C. Ramire,27,CIN,NL,24,0,0,0,0,0,0,0,0,0
J.C. Ramire,27,LAA,AL,1,0,0,0,0,0,0,0,0,0
Jose Ramirez,23,CLE,AL,152,618,565,84,176,46,3,11,76,22
Jose Ramire,26,ATL,NL,33,0,0,0,0,0,0,0,0,0
Neil Ramire,27,TOT,MLB,10,0,0,0,0,0,0,0,0,0
Neil Ramire,27,TOT,NL,10,0,0,0,0,0,0,0,0,0
Neil Ramire,27,CHC,NL,8,0,0,0,0,0,0,0,0,0
Neil Ramire,27,MIL,NL,2,0,0,0,0,0,0,0,0,0
AJ Ramo,29,MIA,NL,64,0,0,0,0,0,0,0,0,0
Cesar Ramos,32,TEX,AL,1,0,0,0,0,0,0,0,0,0
Edubray Ramo,23,PHI,NL,40,1,0,0,0,0,0,0,0,0
Wilson Ramo,28,WSN,NL,131,523,482,58,148,25,0,22,80,0
Anthony Ranaud,26,TOT,AL,2,3,3,1,1,0,0,1,1,0
Anthony Ranaud,26,CHW,AL,2,3,3,1,1,0,0,1,1,0
Colby Rasmus,29,HOU,AL,107,417,369,38,76,10,0,15,54,4
Cory Rasmu,28,LAA,AL,1,0,0,0,0,0,0,0,0,0
Josh Ravi,28,LAD,NL,10,0,0,0,0,0,0,0,0,0
Robbie Ray,24,ARI,NL,29,60,53,3,10,2,0,1,2,0
Colin Re,25,TOT,NL,20,39,33,3,4,0,0,0,1,0
Colin Re,25,SDP,NL,19,38,33,3,4,0,0,0,1,0
Colin Re,25,MIA,NL,1,1,0,0,0,0,0,0,0,0
J.T. Realmut,25,MIA,NL,137,545,509,60,154,31,0,11,48,12
Anthony Recke,32,ATL,NL,33,112,90,6,25,8,0,2,15,1
Josh Reddick,29,TOT,MLB,115,439,398,53,112,17,1,10,37,8
Josh Reddick,29,OAK,AL,68,272,243,33,72,11,1,8,28,5
Josh Reddick,29,LAD,NL,47,167,155,20,40,6,0,2,9,3
Addison Reed,27,NYM,NL,75,0,0,0,0,0,0,0,0,0
AJ Reed,23,HOU,AL,45,141,122,11,20,3,0,3,8,0
Cody Reed,23,CIN,NL,9,14,11,1,0,0,0,0,0,0
Michael Ree,23,MIL,NL,8,24,22,3,4,0,0,0,0,1
Rob Refsnyde,25,NYY,AL,58,175,152,25,38,9,0,0,12,2
Nolan Reimol,32,BAL,AL,104,227,203,25,45,9,1,6,15,1
Tony Rend,25,CIN,NL,32,67,60,4,11,2,0,0,3,0
Anthony Rendo,26,WSN,NL,156,647,567,91,153,38,2,20,85,12
Hunter Renfro,24,SDP,NL,11,36,35,8,13,3,0,4,14,0
Ben Revere,28,WSN,NL,103,375,350,44,76,9,7,2,24,14
Alex Reye,21,STL,NL,11,15,14,0,1,0,0,0,1,0
Jose Reyes,33,NYM,NL,60,279,255,45,68,13,4,8,24,9
Mark Reynold,32,COL,NL,118,441,393,61,111,24,0,14,53,1
Matt Reynolds,31,SFG,NL,8,0,0,0,0,0,0,0,0,0
Matt Reynold,25,NYM,NL,47,96,89,11,20,8,0,3,13,0
Clayton Richard,32,TOT,NL,37,21,17,0,1,0,0,0,1,0
Clayton Richard,32,CHC,NL,26,1,1,0,0,0,0,0,0,0
Clayton Richard,32,SDP,NL,11,20,16,0,1,0,0,0,1,0
Joey Rickar,25,BAL,AL,85,282,257,32,69,13,0,5,19,4
Rene River,32,NYM,NL,65,207,185,12,41,4,0,6,26,0
T.J. River,27,NYM,NL,33,113,105,10,35,4,1,3,16,0
Yadiel River,24,MIL,NL,35,71,66,12,14,4,0,0,3,0
Anthony Rizzo,26,CHC,NL,155,676,583,94,170,43,4,32,109,3
Tanner Roar,29,WSN,NL,33,75,64,1,8,1,0,0,3,0
Daniel Robertso,30,SEA,AL,9,21,19,1,5,1,0,0,1,0
David Robertso,31,CHW,AL,4,0,0,0,0,0,0,0,0,0
Clint Robinson,31,WSN,NL,104,224,196,16,46,4,0,5,26,0
Shane Robinso,31,LAA,AL,65,111,98,16,17,3,0,1,10,3
Hansel Roble,25,NYM,NL,64,3,3,0,0,0,0,0,0,0
Fernando Rodne,39,TOT,NL,65,0,0,0,0,0,0,0,0,0
Fernando Rodne,39,SDP,NL,27,0,0,0,0,0,0,0,0,0
Fernando Rodne,39,MIA,NL,38,0,0,0,0,0,0,0,0,0
Carlos Rodon,23,CHW,AL,1,3,3,0,0,0,0,0,0,0
Alex Rodrigue,40,NYY,AL,65,243,225,19,45,7,0,9,31,3
Eduardo Rodriguez,23,BOS,AL,1,2,2,0,0,0,0,0,0,0
Fernando Rodrigue,32,OAK,AL,4,0,0,0,0,0,0,0,0,0
Francisco Rodrigue,34,DET,AL,6,0,0,0,0,0,0,0,0,0
Joely Rodriguez,24,PHI,NL,12,0,0,0,0,0,0,0,0,0
Sean Rodrigue,31,PIT,NL,140,342,300,49,81,16,1,18,56,2
Chaz Ro,29,TOT,MLB,21,0,0,0,0,0,0,0,0,0
Chaz Ro,29,ATL,NL,21,0,0,0,0,0,0,0,0,0
Jason Roger,28,PIT,NL,23,33,25,2,2,0,1,0,2,0
Taylor Rogers,25,MIN,AL,3,0,0,0,0,0,0,0,0,0
Miguel Roja,27,MIA,NL,123,214,194,27,48,12,0,1,14,2
David Rollins,26,SEA,AL,1,0,0,0,0,0,0,0,0,0
Jimmy Rollins,37,CHW,AL,41,166,149,25,33,8,1,2,8,5
Enny Romer,25,TBR,AL,5,0,0,0,0,0,0,0,0,0
Stefen Romer,27,SEA,AL,9,19,17,1,4,1,0,0,3,0
Andrew Romine,30,DET,AL,108,194,174,21,41,5,2,2,16,8
Austin Romin,27,NYY,AL,62,176,165,17,40,11,0,4,26,1
Sergio Rom,33,SFG,NL,38,0,0,0,0,0,0,0,0,0
Bruce Rondo,25,DET,AL,2,0,0,0,0,0,0,0,0,0
Hector Rondo,28,CHC,NL,53,1,1,0,0,0,0,0,0,0
Jorge Rondo,28,PIT,NL,2,0,0,0,0,0,0,0,0,0
Jose Rondo,22,SDP,NL,8,26,25,1,3,0,0,0,1,0
Adam Rosale,33,SDP,NL,105,248,214,37,49,12,3,13,35,4
Alberto Rosari,29,STL,NL,20,41,38,3,7,2,0,0,2,0
Eddie Rosario,24,MIN,AL,92,354,335,52,90,17,2,10,32,5
Trevor Rosentha,26,STL,NL,41,1,1,0,0,0,0,0,0,0
David Ros,39,CHC,NL,67,205,166,24,38,6,0,10,32,0
Joe Ros,23,WSN,NL,22,44,41,2,10,2,0,0,1,0
Robbie Ross,27,BOS,AL,4,0,0,0,0,0,0,0,0,0
Tyson Ros,29,SDP,NL,1,1,1,0,0,0,0,0,0,0
Ben Rowe,27,MIL,NL,4,0,0,0,0,0,0,0,0,0
Ryan Ru,26,TEX,AL,99,269,240,40,62,8,1,8,22,9
Darin Ru,29,PHI,NL,43,89,83,8,17,2,0,3,9,0
Justin Ruggian,34,TOT,MLB,9,26,24,4,8,1,0,2,7,0
Justin Ruggian,34,TEX,AL,1,4,4,0,1,1,0,0,1,0
Justin Ruggian,34,NYM,NL,8,22,20,4,7,0,0,2,6,0
Carlos Rui,37,TOT,NL,62,233,201,21,53,8,0,3,15,3
Carlos Rui,37,PHI,NL,48,193,165,18,43,6,0,3,12,3
Carlos Rui,37,LAD,NL,14,40,36,3,10,2,0,0,3,0
Rio Ruiz,22,ATL,NL,5,7,7,1,2,0,1,0,2,1
Cameron Rup,27,PHI,NL,105,419,389,36,98,26,1,16,54,1
Chris Rusin,29,COL,NL,28,30,29,2,5,0,1,0,3,0
Addison Russel,22,CHC,NL,151,598,525,67,125,25,3,21,95,5
James Russell,30,PHI,NL,7,0,0,0,0,0,0,0,0,0
Josh Rutledg,27,BOS,AL,28,56,49,9,13,6,0,0,3,2
Brendan Rya,34,LAA,AL,17,14,13,1,1,0,0,0,0,0
Kyle Ryan,24,DET,AL,4,0,0,0,0,0,0,0,0,0
Hyun-Jin Ry,29,LAD,NL,1,1,1,0,0,0,0,0,0,0
Marc Rzepczynski,30,TOT,MLB,20,0,0,0,0,0,0,0,0,0
Marc Rzepczynski,30,OAK,AL,6,0,0,0,0,0,0,0,0,0
Marc Rzepczynski,30,WSN,NL,14,0,0,0,0,0,0,0,0,0
CC Sabathia,35,NYY,AL,1,2,1,0,0,0,0,0,0,0
Tyler Saladin,26,CHW,AL,93,319,298,33,84,14,0,8,38,11
Fernando Sala,31,TOT,MLB,21,0,0,0,0,0,0,0,0,0
Fernando Sala,31,LAA,AL,4,0,0,0,0,0,0,0,0,0
Fernando Sala,31,NYM,NL,17,0,0,0,0,0,0,0,0,0
Danny Salaza,26,CLE,AL,3,5,5,1,0,0,0,0,0,0
Chris Sale,27,CHW,AL,3,6,6,0,1,0,0,0,0,0
Jarrod Saltalamacchia,31,DET,AL,92,292,246,30,42,5,1,12,38,0
Jeff Samardzij,31,SFG,NL,32,69,64,4,10,5,0,0,9,0
Keyvius Sampso,25,CIN,NL,18,7,7,0,0,0,0,0,0,0
Aaron Sanche,23,TOR,AL,3,10,9,0,0,0,0,0,0,0
Anibal Sanche,32,DET,AL,2,6,6,0,0,0,0,0,0,0
Gary Sanche,23,NYY,AL,53,229,201,34,60,12,0,20,42,1
Hector Sanchez,26,TOT,MLB,28,54,49,3,13,1,0,3,8,0
Hector Sanchez,26,CHW,AL,2,8,7,0,1,0,0,0,1,0
Hector Sanchez,26,SDP,NL,26,46,42,3,12,1,0,3,7,0
Yolmer Sanchez,24,CHW,AL,53,163,154,15,32,9,1,4,21,0
Pablo Sandoval,29,BOS,AL,3,7,6,0,0,0,0,0,0,0
Jerry Sand,28,CHW,AL,24,58,55,2,13,0,0,1,7,0
Miguel San,23,MIN,AL,116,495,437,57,103,22,1,25,66,1
Carlos Santana,30,CLE,AL,158,688,582,89,151,31,3,34,87,5
Danny Santana,25,MIN,AL,75,248,233,29,56,10,2,2,14,12
Domingo Santan,23,MIL,NL,77,281,246,34,63,14,0,11,32,2
Ervin Santan,33,MIN,AL,2,6,5,0,0,0,0,0,0,0
Hector Santiag,28,TOT,AL,2,3,3,0,1,0,0,0,0,0
Hector Santiag,28,LAA,AL,2,3,3,0,1,0,0,0,0,0
Luis Sardinas,23,TOT,MLB,66,197,180,25,44,6,1,4,18,4
Luis Sardinas,23,SEA,AL,32,77,72,12,13,0,0,2,5,1
Luis Sardinas,23,SDP,NL,34,120,108,13,31,6,1,2,13,3
Michael Saunders,29,TOR,AL,140,558,490,70,124,32,3,24,57,1
Rob Scahill,29,TOT,NL,27,2,2,0,0,0,0,0,0,0
Rob Scahill,29,PIT,NL,13,2,2,0,0,0,0,0,0,0
Rob Scahill,29,MIL,NL,14,0,0,0,0,0,0,0,0,0
Logan Schafer,29,MIN,AL,26,74,63,8,15,3,1,0,1,0
Scott Schebler,25,CIN,NL,82,282,257,36,68,12,2,9,40,2
Max Scherze,31,WSN,NL,33,85,70,4,13,1,0,0,12,0
Ryan Schimpf,28,SDP,NL,89,330,276,48,60,17,5,20,51,1
Jonathan Schoo,24,BAL,AL,162,647,615,82,164,38,1,25,82,1
A.J. Schuge,27,PIT,NL,32,3,2,0,0,0,0,0,0,0
Patrick Schuste,25,TOT,MLB,6,0,0,0,0,0,0,0,0,0
Patrick Schuste,25,PHI,NL,6,0,0,0,0,0,0,0,0,0
Kyle Schwarber,23,CHC,NL,2,5,4,0,0,0,0,0,0,0
Xavier Scrugg,28,MIA,NL,24,69,62,1,13,3,0,1,5,0
Corey Seager,22,LAD,NL,157,687,627,105,193,40,5,26,72,3
Kyle Seager,28,SEA,AL,158,676,597,89,166,36,3,30,99,3
Rob Segedi,27,LAD,NL,40,83,73,9,17,2,1,2,12,0
Jean Segur,26,ARI,NL,153,694,637,102,203,41,7,20,64,33
Steve Selsk,26,CIN,NL,24,54,51,9,16,2,0,2,7,1
Marcus Semie,25,OAK,AL,159,621,568,72,135,27,2,27,75,10
Pedro Severin,22,WSN,NL,16,34,28,6,9,2,0,2,4,0
Richie Shaffe,25,TBR,AL,20,54,48,5,12,6,0,1,4,0
Bryan Shaw,28,CLE,AL,5,0,0,0,0,0,0,0,0,0
Travis Shaw,26,BOS,AL,145,530,480,63,116,34,2,16,71,5
James Shield,34,TOT,MLB,12,23,21,1,4,0,0,0,0,0
James Shield,34,SDP,NL,10,19,17,1,3,0,0,0,0,0
James Shield,34,CHW,AL,2,4,4,0,1,0,0,0,0,0
Braden Shiple,24,ARI,NL,13,27,26,2,3,1,0,0,2,1
Matt Shoemake,29,LAA,AL,1,2,2,0,0,0,0,0,0,0
Chasen Shreve,25,NYY,AL,1,0,0,0,0,0,0,0,0,0
JB Shuck,29,CHW,AL,80,241,224,27,46,5,2,4,14,3
Kevin Siegrist,26,STL,NL,63,0,0,0,0,0,0,0,0,0
Andrelton Simmon,26,LAA,AL,124,483,448,48,126,22,2,4,44,10
Shae Simmon,25,ATL,NL,7,0,0,0,0,0,0,0,0,0
Alfredo Simo,35,CIN,NL,13,19,14,0,1,0,0,0,1,0
Tony Sipp,32,HOU,AL,4,0,0,0,0,0,0,0,0,0
Blake Smith,28,CHW,AL,1,0,0,0,0,0,0,0,0,0
Jake Smit,26,SDP,NL,4,0,0,0,0,0,0,0,0,0
Joe Smit,32,TOT,MLB,17,0,0,0,0,0,0,0,0,0
Joe Smit,32,LAA,AL,2,0,0,0,0,0,0,0,0,0
Joe Smit,32,CHC,NL,15,0,0,0,0,0,0,0,0,0
Josh Smit,28,CIN,NL,32,11,11,0,2,1,0,0,0,0
Kevan Smit,28,CHW,AL,7,16,16,2,2,0,0,0,0,0
Mallex Smith,23,ATL,NL,72,215,189,28,45,7,4,3,22,16
Seth Smith,33,SEA,AL,137,438,378,62,94,15,0,16,63,0
Will Smit,26,TOT,NL,51,0,0,0,0,0,0,0,0,0
Will Smit,26,MIL,NL,25,0,0,0,0,0,0,0,0,0
Will Smit,26,SFG,NL,26,0,0,0,0,0,0,0,0,0
Justin Smoak,29,TOR,AL,126,341,299,33,65,10,0,14,34,1
Josh Smoker,27,NYM,NL,20,1,1,0,0,0,0,0,0,0
Jake Smolinsk,27,OAK,AL,99,319,290,28,69,6,2,7,27,1
Drew Smyly,27,TBR,AL,1,2,2,0,0,0,0,0,0,0
Blake Snell,23,TBR,AL,1,3,2,0,0,0,0,0,0,0
Brandon Snyde,29,ATL,NL,37,47,46,8,11,5,1,4,9,0
Miguel Socolovic,29,STL,NL,15,0,0,0,0,0,0,0,0,0
Donovan Solan,28,NYY,AL,9,23,22,5,5,2,0,1,2,0
Yangervis Solarte,28,SDP,NL,109,443,405,55,116,26,1,15,71,1
Jorge Sole,24,CHC,NL,86,264,227,37,54,9,0,12,31,0
Sammy Soli,27,WSN,NL,35,3,3,0,0,0,0,0,0,0
Layne Somse,27,CIN,NL,1,0,0,0,0,0,0,0,0,0
Joakim Sori,32,KCR,AL,5,0,0,0,0,0,0,0,0,0
Geovany Sot,33,LAA,AL,26,86,78,11,21,5,0,4,9,0
Steven Souz,27,TBR,AL,120,468,430,58,106,17,1,17,49,7
Denard Span,32,SFG,NL,143,637,572,70,152,23,5,11,53,12
Cory Spangenberg,25,SDP,NL,14,53,48,6,11,1,1,1,8,1
George Springe,26,HOU,AL,162,744,644,116,168,29,5,29,82,9
Jacob Stalling,26,PIT,NL,5,15,15,0,6,1,0,0,2,1
Giancarlo Stanto,26,MIA,NL,119,470,413,56,99,20,1,27,74,0
Max Stass,25,HOU,AL,9,13,13,1,1,0,0,0,0,0
Robert Stephenso,23,CIN,NL,8,13,10,0,0,0,0,0,0,0
Brock Stewart,24,LAD,NL,7,10,10,0,1,0,0,0,0,0
Chris Stewar,34,PIT,NL,34,113,98,10,21,4,0,1,7,0
Drew Storen,28,TOT,AL,6,0,0,0,0,0,0,0,0,0
Drew Storen,28,TOR,AL,4,0,0,0,0,0,0,0,0,0
Drew Storen,28,SEA,AL,2,0,0,0,0,0,0,0,0,0
Trevor Stor,23,COL,NL,97,415,372,67,101,21,4,27,72,8
Matt Strah,24,KCR,AL,2,0,0,0,0,0,0,0,0,0
Dan Strail,27,CIN,NL,32,65,52,2,1,0,0,0,1,0
Stephen Strasbur,27,WSN,NL,22,57,48,3,10,1,0,0,2,0
Chris Stratto,25,SFG,NL,6,1,1,0,0,0,0,0,0,0
Huston Stree,32,LAA,AL,2,0,0,0,0,0,0,0,0,0
Hunter Stricklan,27,SFG,NL,69,0,0,0,0,0,0,0,0,0
Ross Striplin,26,LAD,NL,19,27,24,2,2,0,0,0,1,0
Marcus Stroma,25,TOR,AL,2,6,5,1,0,0,0,0,0,0
Pedro Stro,31,CHC,NL,52,1,1,0,0,0,0,0,0,0
Drew Stubb,31,TOT,MLB,59,94,80,13,18,0,0,3,7,9
Drew Stubb,31,TOT,AL,39,52,42,7,9,0,0,2,4,5
Drew Stubb,31,ATL,NL,20,42,38,6,9,0,0,1,3,4
Drew Stubb,31,TEX,AL,19,25,20,6,6,0,0,2,3,4
Drew Stubb,31,BAL,AL,20,27,22,1,3,0,0,0,1,1
Daniel Stumpf,25,PHI,NL,7,0,0,0,0,0,0,0,0,0
Tyler Sturdevan,30,TBR,AL,2,0,0,0,0,0,0,0,0,0
Albert Suare,26,SFG,NL,20,24,21,1,4,2,0,0,2,0
Eugenio Suare,24,CIN,NL,159,627,565,78,140,25,2,21,70,11
Jesus Sucr,28,SEA,AL,9,29,25,4,12,2,0,1,5,0
Andrew Susa,26,MIL,NL,9,19,17,3,4,1,0,1,2,0
Brent Suter,26,MIL,NL,13,2,2,0,0,0,0,0,0,0
Ichiro Suzuki,42,MIA,NL,143,365,327,48,95,15,5,1,22,10
Kurt Suzuk,32,MIN,AL,106,373,345,34,89,24,1,8,49,0
Dansby Swanso,22,ATL,NL,38,145,129,20,39,7,1,3,17,3
Anthony Swarza,30,NYY,AL,4,0,0,0,0,0,0,0,0,0
Blake Swihart,24,BOS,AL,19,74,62,9,16,0,3,0,5,0
Noah Syndergaard,23,NYM,NL,29,67,58,6,11,3,0,3,6,0
Matt Szczu,26,CHC,NL,107,200,185,30,48,9,1,5,24,2
Jameson Taillo,24,PIT,NL,17,36,32,0,3,0,0,0,2,0
Masahiro Tanak,27,NYY,AL,1,2,2,0,0,0,0,0,0,0
Raimel Tapia,22,COL,NL,22,41,38,4,10,0,0,0,3,3
Chris Taylo,25,TOT,MLB,36,65,61,8,13,2,2,1,7,0
Chris Taylo,25,SEA,AL,2,3,3,0,1,0,0,0,0,0
Chris Taylo,25,LAD,NL,34,62,58,8,12,2,2,1,7,0
Michael Taylo,25,WSN,NL,76,237,221,28,51,11,0,7,16,14
Junichi Tazaw,30,BOS,AL,2,0,0,0,0,0,0,0,0,0
Julio Tehera,25,ATL,NL,29,61,49,1,10,1,0,0,2,0
Mark Teixeira,36,NYY,AL,116,438,387,43,79,16,0,15,44,2
Ruben Tejad,26,TOT,NL,36,78,66,9,11,5,0,0,5,0
Ruben Tejad,26,STL,NL,23,40,34,6,6,2,0,0,3,0
Ruben Tejad,26,SFG,NL,13,38,32,3,5,3,0,0,2,0
Tomas Telis,25,MIA,NL,10,13,13,1,4,0,0,1,4,0
Ryan Teper,28,TOR,AL,2,0,0,0,0,0,0,0,0,0
Nick Tepesc,27,LAD,NL,1,1,1,0,0,0,0,0,0,0
Josh Thole,29,TOR,AL,50,136,118,7,20,3,0,1,7,0
Jake Thompso,22,PHI,NL,9,17,14,0,2,1,0,0,0,0
Trayce Thompso,25,LAD,NL,80,262,236,31,53,11,0,13,32,5
Tyler Thornbur,27,MIL,NL,63,0,0,0,0,0,0,0,0,0
Matt Thornton,39,SDP,NL,16,0,0,0,0,0,0,0,0,0
Chris Tillma,28,BAL,AL,1,3,2,0,0,0,0,0,0,0
Charlie Tilson,23,CHW,AL,1,2,2,0,1,0,0,0,0,0
Andrew Toles,24,LAD,NL,48,115,105,19,33,9,1,3,16,1
Shawn Tolleso,28,TEX,AL,2,1,1,0,0,0,0,0,0,0
Yasmany Toma,25,ARI,NL,140,563,530,72,144,30,1,31,83,2
Josh Tomli,31,CLE,AL,2,6,5,1,2,1,0,0,0,0
Kelby Tomlinso,26,SFG,NL,52,120,106,13,31,4,0,0,6,5
Michael Tonki,26,MIN,AL,5,2,2,0,0,0,0,0,0,0
Carlos Torre,33,MIL,NL,69,0,0,0,0,0,0,0,0,0
Jose Torres,22,SDP,NL,4,0,0,0,0,0,0,0,0,0
Ronald Torreye,23,NYY,AL,72,169,155,20,40,7,4,1,12,2
Devon Travi,25,TOR,AL,101,432,410,54,123,28,1,11,50,4
Blake Treine,28,WSN,NL,69,0,0,0,0,0,0,0,0,0
Andrew Trigg,27,OAK,AL,1,2,2,0,0,0,0,0,0,0
Nick Tropean,25,LAA,AL,1,2,2,0,0,0,0,0,0,0
Mike Trou,24,LAA,AL,159,681,549,123,173,32,5,29,100,30
Mark Trumb,30,BAL,AL,159,667,613,94,157,27,1,47,108,2
Chin-hui Tsa,35,LAD,NL,1,0,0,0,0,0,0,0,0,0
Preston Tucker,25,HOU,AL,48,144,134,11,22,8,1,4,8,0
Matt Tuiasosop,30,ATL,NL,3,3,3,0,0,0,0,0,0,0
Sam Tuivailal,23,STL,NL,11,0,0,0,0,0,0,0,0,0
Troy Tulowitzk,31,TOR,AL,131,544,492,54,125,21,0,24,79,1
Jacob Turne,25,CHW,AL,3,0,0,0,0,0,0,0,0,0
Justin Turne,31,LAD,NL,151,622,556,79,153,34,3,27,90,4
Trea Turne,23,WSN,NL,73,324,307,53,105,14,8,13,40,33
Koji Uehar,41,BOS,AL,3,0,0,0,0,0,0,0,0,0
Justin Upto,28,DET,AL,153,626,570,81,140,28,2,31,87,9
Melvin Upto,31,TOT,MLB,149,539,492,64,117,15,3,20,61,27
Melvin Upto,31,SDP,NL,92,374,344,46,88,11,2,16,45,20
Melvin Upto,31,TOR,AL,57,165,148,18,29,4,1,4,16,7
Jose Uren,24,MIA,NL,28,22,17,1,3,0,0,0,0,0
Julio Urias,19,LAD,NL,17,26,22,0,3,0,0,0,2,0
Juan Urib,37,CLE,AL,73,259,238,19,49,9,0,7,25,0
Chase Utley,37,LAD,NL,138,565,512,79,129,26,3,14,52,2
Pat Valaik,23,COL,NL,13,19,19,3,5,1,0,1,2,0
Luis Valbuena,30,HOU,AL,90,342,292,38,76,17,1,13,40,1
Danny Valenci,31,OAK,AL,130,517,471,72,135,22,1,17,51,1
Scott Van Slyk,29,LAD,NL,52,113,102,10,23,6,0,1,7,1
Cesar Varga,24,SDP,NL,7,9,8,0,0,0,0,0,0,0
Kennys Vargas,25,MIN,AL,47,177,152,27,35,11,0,10,20,0
Christian Vazque,25,BOS,AL,57,184,172,21,39,9,1,1,12,0
Felipe Vazquez,24,TOT,NL,71,1,1,0,0,0,0,0,0,0
Felipe Vazquez,24,WSN,NL,43,1,1,0,0,0,0,0,0,0
Felipe Vazquez,24,PIT,NL,28,0,0,0,0,0,0,0,0,0
Vince Velasque,24,PHI,NL,23,44,40,4,8,1,0,0,0,0
Will Venable,33,LAD,NL,12,19,18,2,1,1,0,0,0,0
Yordano Ventur,25,KCR,AL,2,3,3,0,1,0,0,0,0,0
Drew VerHage,25,DET,AL,4,0,0,0,0,0,0,0,0,0
Justin Verlande,33,DET,AL,2,5,5,1,1,0,0,0,0,0
Logan Verret,26,NYM,NL,34,22,19,1,1,1,0,0,0,0
Carlos Villanuev,32,SDP,NL,48,5,4,0,0,0,0,0,0,0
Jonathan Villar,25,MIL,NL,156,679,589,92,168,38,3,19,63,62
Nick Vincen,29,SEA,AL,4,0,0,0,0,0,0,0,0,0
Arodys Vizcain,25,ATL,NL,41,0,0,0,0,0,0,0,0,0
Daniel Vogelbach,23,SEA,AL,8,13,12,0,1,0,0,0,0,0
Ryan Vogelson,38,PIT,NL,24,23,19,1,1,0,0,0,1,0
Stephen Vogt,31,OAK,AL,137,532,490,54,123,30,2,14,56,0
Edinson Volque,32,KCR,AL,2,5,5,0,0,0,0,0,0,0
Joey Votto,32,CIN,NL,158,677,556,101,181,34,2,29,97,8
Michael Wach,24,STL,NL,26,45,39,1,1,0,0,0,0,0
Tyler Wagne,25,ARI,NL,3,2,2,0,0,0,0,0,0,0
Adam Wainwrigh,34,STL,NL,32,69,62,6,13,7,1,2,18,0
Kyle Waldrop,24,CIN,NL,15,23,22,1,5,1,0,0,1,0
Neil Walker,30,NYM,NL,113,458,412,57,116,9,1,23,55,3
Brett Wallace,29,SDP,NL,119,256,217,19,41,10,0,6,20,0
Colin Walsh,26,MIL,NL,38,63,47,4,4,1,0,0,2,0
Zach Walters,26,LAD,NL,3,5,5,0,0,0,0,0,0,0
Chien-Ming Wan,36,KCR,AL,4,0,0,0,0,0,0,0,0,0
Adam Warre,28,TOT,MLB,30,4,3,0,0,0,0,0,0,0
Adam Warre,28,CHC,NL,29,4,3,0,0,0,0,0,0,0
Adam Warre,28,NYY,AL,1,0,0,0,0,0,0,0,0,0
Tony Watson,31,PIT,NL,65,1,0,0,0,0,0,0,0,0
Jered Weave,33,LAA,AL,4,9,9,0,0,0,0,0,0,0
Luke Weave,22,STL,NL,9,13,13,1,5,0,0,0,0,0
Ryan Webe,25,ATL,NL,16,6,6,0,0,0,0,0,0,0
Jemile Weeks,29,SDP,NL,17,57,50,5,7,1,1,0,2,1
Rickie Week,33,ARI,NL,108,205,180,29,43,9,1,9,27,5
J.B. Wendelke,23,OAK,AL,1,0,0,0,0,0,0,0,0,0
Joey Wendle,26,OAK,AL,28,104,96,11,25,1,0,1,11,2
Jayson Wert,37,WSN,NL,143,606,525,84,128,28,0,21,69,5
Robert Whale,22,ATL,NL,6,11,10,0,2,0,0,0,0,0
Tyler Whit,25,HOU,AL,85,276,249,24,54,16,0,8,28,1
Matt Wieters,30,BAL,AL,124,464,423,48,103,17,1,17,66,1
Tom Wilhelmse,32,TOT,AL,3,0,0,0,0,0,0,0,0,0
Tom Wilhelmse,32,SEA,AL,3,0,0,0,0,0,0,0,0,0
Andy Wilkins,27,MIL,NL,26,27,24,3,3,1,0,1,3,1
Jerome William,34,STL,NL,11,2,2,0,0,0,0,0,0,0
Mason Williams,24,NYY,AL,12,29,27,4,8,1,0,0,2,0
Trevor William,24,PIT,NL,7,3,1,1,0,0,0,0,1,0
Mac Williamso,25,SFG,NL,54,127,112,14,25,3,0,6,15,0
Alex Wilso,29,DET,AL,3,0,0,0,0,0,0,0,0,0
Bobby Wilso,33,TOT,AL,75,251,228,25,54,6,0,7,33,0
Bobby Wilso,33,DET,AL,5,15,13,0,2,0,0,0,2,0
Bobby Wilso,33,TEX,AL,42,141,128,11,32,4,0,3,22,0
Bobby Wilso,33,TBR,AL,28,95,87,14,20,2,0,4,9,0
Justin Wilson,28,DET,AL,5,0,0,0,0,0,0,0,0,0
Tyler Wilso,26,BAL,AL,1,0,0,0,0,0,0,0,0,0
Alex Wimmers,27,MIN,AL,1,0,0,0,0,0,0,0,0,0
Dan Winkle,26,ATL,NL,3,0,0,0,0,0,0,0,0,0
Matt Wisle,23,ATL,NL,27,53,46,2,7,0,0,0,2,0
Chris Withro,27,ATL,NL,42,0,0,0,0,0,0,0,0,0
Nick Wittgre,25,MIA,NL,44,0,0,0,0,0,0,0,0,0
Tony Wolters,24,COL,NL,71,230,205,27,53,15,2,3,30,4
Kolten Wong,25,STL,NL,121,361,313,39,75,7,7,5,23,7
Alex Woo,25,LAD,NL,14,19,16,2,4,0,0,0,2,0
Blake Woo,30,CIN,NL,67,2,2,0,0,0,0,0,0,0
Travis Woo,29,CHC,NL,76,12,11,0,2,0,0,0,1,0
Vance Worle,28,BAL,AL,2,0,0,0,0,0,0,0,0,0
Danny Wort,30,HOU,AL,16,40,39,4,7,2,0,0,1,0
Daniel Wrigh,25,TOT,MLB,4,6,5,0,0,0,0,0,0,0
Daniel Wrigh,25,CIN,NL,4,6,5,0,0,0,0,0,0,0
David Wrigh,33,NYM,NL,37,164,137,18,31,8,0,7,14,3
Mike Wrigh,26,BAL,AL,1,0,0,0,0,0,0,0,0,0
Steven Wrigh,31,BOS,AL,2,4,4,0,0,0,0,0,0,0
Kirby Yates,29,NYY,AL,3,0,0,0,0,0,0,0,0,0
Christian Yelich,24,MIA,NL,155,659,578,78,172,38,3,21,98,9
Gabriel Yno,23,NYM,NL,10,3,3,0,0,0,0,0,0,0
Michael Yno,24,CHW,AL,1,0,0,0,0,0,0,0,0,0
Rafael Ynoa,28,COL,NL,3,5,5,0,0,0,0,0,0,0
Chris Youn,37,KCR,AL,3,1,1,0,0,0,0,0,0,0
Chris Youn,32,BOS,AL,76,227,203,29,56,18,0,9,24,4
Eric Young,31,NYY,AL,6,1,1,2,0,0,0,0,0,1
Madison Youngine,25,ATL,NL,8,0,0,0,0,0,0,0,0,0
Rob Zastryzn,24,CHC,NL,8,3,3,0,0,0,0,0,0,0
Brad Ziegle,36,TOT,MLB,35,0,0,0,0,0,0,0,0,0
Brad Ziegle,36,ARI,NL,34,0,0,0,0,0,0,0,0,0
Brad Ziegle,36,BOS,AL,1,0,0,0,0,0,0,0,0,0
Ryan Zimmerma,31,WSN,NL,115,467,427,60,93,18,1,15,46,4
Jordan Zimmerman,30,DET,AL,3,5,4,0,1,0,0,0,0,0
Ben Zobrist,35,CHC,NL,147,631,523,94,142,31,3,18,76,6
Mike Zunin,25,SEA,AL,55,192,164,16,34,7,0,12,31,0
